{
  "config": {
    "run_name": "exp1_3",
    "out_dir": "./results",
    "seed": 496918242,
    "device": null,
    "bs_train": 128,
    "bs_test": 32,
    "batches": 100,
    "epochs": 100,
    "early_stopping": 3,
    "checkpoints": null,
    "lr": 0.001,
    "reg": 0.001,
    "filters_per_layer": [
      64,
      128,
      256
    ],
    "layers_per_block": 4,
    "pool_every": 3,
    "hidden_dims": [
      100
    ],
    "model_type": "cnn",
    "kw": {}
  },
  "results": {
    "num_epochs": 0,
    "train_loss": [
      2.298104691505432,
      2.3030136609077454,
      2.3028457140922547,
      2.3026843738555907,
      2.305479202270508,
      2.3052996706962587
    ],
    "train_acc": [
      10.7421875,
      9.9375,
      9.53125,
      10.171875,
      10.453125,
      10.03125
    ],
    "test_loss": [
      2.3033961820602418,
      2.3023046493530273,
      2.3025122761726378,
      2.302586328983307,
      2.3030617213249207,
      2.3030047369003297
    ],
    "test_acc": [
      9.625,
      10.46875,
      10.46875,
      10.46875,
      9.625,
      9.625
    ]
  }
}