{
  "config": {
    "run_name": "exp1_2",
    "out_dir": "./results",
    "seed": 1973264383,
    "device": null,
    "bs_train": 128,
    "bs_test": 32,
    "batches": 100,
    "epochs": 100,
    "early_stopping": 3,
    "checkpoints": null,
    "lr": 0.001,
    "reg": 0.001,
    "filters_per_layer": [
      128
    ],
    "layers_per_block": 4,
    "pool_every": 3,
    "hidden_dims": [
      100
    ],
    "model_type": "cnn",
    "kw": {}
  },
  "results": {
    "num_epochs": 0,
    "train_loss": [
      1.8951395809650422,
      1.5036963522434235,
      1.337414381504059,
      1.1750673377513885,
      1.0632336330413819,
      0.9765102255344391,
      0.9039319694042206,
      0.836481768488884,
      0.7928832823038101,
      0.7181862118840218,
      0.65066272854805,
      0.632754972577095,
      0.5734077870845795,
      0.5105838522315025,
      0.49083274394273757,
      0.4491372048854828,
      0.4050431686639786,
      0.3701509895920754,
      0.3332464253902435,
      0.30446502566337585,
      0.2747000826895237,
      0.24270244844257832,
      0.22267890103161336
    ],
    "train_acc": [
      30.765625,
      45.46875,
      51.9296875,
      57.9921875,
      62.1328125,
      65.3125,
      68.234375,
      71.078125,
      72.34375,
      74.96875,
      77.6171875,
      78.1640625,
      80.3125,
      82.859375,
      83.8671875,
      84.5859375,
      86.859375,
      87.734375,
      89.3515625,
      90.0,
      91.03125,
      92.4921875,
      92.90625
    ],
    "test_loss": [
      1.585166699886322,
      1.385355464220047,
      1.2948257774114609,
      1.1657465189695357,
      1.0854106163978576,
      1.1147709673643111,
      1.0109370362758636,
      0.9815143120288848,
      0.9704673540592194,
      0.8915830555558205,
      0.9030506291985512,
      0.9212824243307114,
      0.9420395049452782,
      0.9171754732728005,
      0.9070691213011741,
      0.921475428044796,
      0.9347167551517487,
      0.9667996233701706,
      0.9887383902072906,
      1.027737367749214,
      1.076005476117134,
      1.0803018885850906,
      1.1808464738726616
    ],
    "test_acc": [
      42.71875,
      49.625,
      54.15625,
      58.4375,
      61.78125,
      59.78125,
      64.4375,
      65.46875,
      66.0625,
      68.625,
      68.65625,
      68.03125,
      69.8125,
      68.5,
      70.75,
      70.375,
      69.625,
      70.5625,
      71.15625,
      70.4375,
      70.28125,
      70.0625,
      70.0
    ]
  }
}