{
  "config": {
    "run_name": "exp1_1_L2_K64",
    "out_dir": "./results",
    "seed": 430382897,
    "device": null,
    "bs_train": 128,
    "bs_test": 32,
    "batches": 100,
    "epochs": 100,
    "early_stopping": 3,
    "checkpoints": null,
    "lr": 0.001,
    "reg": 0.001,
    "filters_per_layer": [
      64
    ],
    "layers_per_block": 2,
    "pool_every": 3,
    "hidden_dims": [
      100
    ],
    "model_type": "cnn",
    "kw": {}
  },
  "results": {
    "num_epochs": 0,
    "train_loss": [
      1.7783554875850678,
      1.4113145136833192,
      1.256884332895279,
      1.1696810299158096,
      1.0898332422971726,
      1.0119810700416565,
      0.9442958283424377,
      0.8861663311719894,
      0.8499146294593811,
      0.8094953852891922,
      0.7501285487413406,
      0.7204552656412124,
      0.6758494231104851,
      0.6492085143923759,
      0.5946380949020386,
      0.5618555518984795,
      0.5260365906357766,
      0.4920635452866554,
      0.4575420513749123,
      0.4239008602499962,
      0.38363001987338063,
      0.3791182947158813
    ],
    "train_acc": [
      35.8515625,
      49.6328125,
      55.1484375,
      58.828125,
      60.921875,
      64.4453125,
      67.453125,
      68.9296875,
      70.078125,
      72.15625,
      74.21875,
      75.3046875,
      76.65625,
      78.0390625,
      80.15625,
      81.109375,
      82.40625,
      83.6640625,
      84.8046875,
      86.3359375,
      87.546875,
      87.828125
    ],
    "test_loss": [
      1.4813117825984954,
      1.294071409702301,
      1.24932437479496,
      1.1535254973173141,
      1.1534467023611068,
      1.0905716520547868,
      1.0876340091228485,
      1.053914503455162,
      1.0735038751363755,
      1.0465142142772674,
      1.0545636674761771,
      1.0602455297112465,
      1.0322145718336104,
      1.037652963399887,
      1.0437893661856652,
      1.0827478167414666,
      1.1151596969366073,
      1.0893566167354585,
      1.128404471874237,
      1.1537279149889945,
      1.1812218844890594,
      1.1980275315046311
    ],
    "test_acc": [
      46.59375,
      53.75,
      55.375,
      58.40625,
      59.6875,
      61.59375,
      61.90625,
      63.0,
      63.125,
      63.78125,
      64.53125,
      65.0,
      65.3125,
      65.0,
      65.0,
      65.40625,
      65.78125,
      66.25,
      65.90625,
      65.78125,
      65.5625,
      65.46875
    ]
  }
}