{
  "config": {
    "run_name": "exp1_2",
    "out_dir": "./results",
    "seed": 1169157490,
    "device": null,
    "bs_train": 128,
    "bs_test": 32,
    "batches": 100,
    "epochs": 100,
    "early_stopping": 3,
    "checkpoints": null,
    "lr": 0.001,
    "reg": 0.001,
    "filters_per_layer": [
      64
    ],
    "layers_per_block": 4,
    "pool_every": 3,
    "hidden_dims": [
      100
    ],
    "model_type": "cnn",
    "kw": {}
  },
  "results": {
    "num_epochs": 0,
    "train_loss": [
      1.90384974360466,
      1.5341419100761413,
      1.3584430837631225,
      1.2457365810871124,
      1.1506345784664154,
      1.0450890803337096,
      1.002265110015869,
      0.9090022325515748,
      0.8687868517637253,
      0.8223492503166199,
      0.7944398379325867,
      0.7393259215354919,
      0.679275466799736,
      0.6703133404254913,
      0.6209277975559234,
      0.5895419225096703,
      0.5382066309452057,
      0.5249708288908005,
      0.4846584635972977,
      0.4541171634197235,
      0.429960335791111,
      0.38458008095622065,
      0.3782892343401909,
      0.34359846875071526,
      0.32043749421834944
    ],
    "train_acc": [
      30.5390625,
      44.28125,
      51.4140625,
      56.03125,
      58.6953125,
      62.96875,
      65.0390625,
      68.2421875,
      69.359375,
      71.15625,
      72.2421875,
      74.34375,
      76.7734375,
      76.828125,
      79.0234375,
      79.6015625,
      81.8359375,
      82.609375,
      83.71875,
      85.0703125,
      85.5625,
      87.34375,
      87.3046875,
      88.921875,
      89.796875
    ],
    "test_loss": [
      1.6221602296829223,
      1.4126836037635804,
      1.3002272814512252,
      1.252153257727623,
      1.157691313624382,
      1.058495775461197,
      1.0478757911920547,
      1.023857181072235,
      0.983359563946724,
      0.9961413568258286,
      1.027179788351059,
      0.9399269407987595,
      0.9507132506370545,
      0.9220868045091629,
      0.9010837045311928,
      0.9457947111129761,
      0.9696065717935562,
      0.9343187367916107,
      0.9432540082931519,
      1.0032798901200295,
      0.9735834774374962,
      1.076154928803444,
      1.0726466405391692,
      1.0862633353471756,
      1.1060598930716514
    ],
    "test_acc": [
      41.1875,
      48.1875,
      52.1875,
      55.53125,
      58.25,
      62.125,
      63.0,
      64.25,
      65.75,
      64.8125,
      64.21875,
      67.3125,
      66.71875,
      67.90625,
      68.8125,
      68.15625,
      68.78125,
      69.0625,
      68.65625,
      68.40625,
      69.4375,
      68.1875,
      68.84375,
      68.34375,
      68.03125
    ]
  }
}