{
  "config": {
    "run_name": "exp1_1_L8_K32",
    "out_dir": "./results",
    "seed": 1310776755,
    "device": null,
    "bs_train": 128,
    "bs_test": 32,
    "batches": 100,
    "epochs": 100,
    "early_stopping": 3,
    "checkpoints": null,
    "lr": 0.001,
    "reg": 0.001,
    "filters_per_layer": [
      32
    ],
    "layers_per_block": 8,
    "pool_every": 3,
    "hidden_dims": [
      100
    ],
    "model_type": "cnn",
    "kw": {}
  },
  "results": {
    "num_epochs": 0,
    "train_loss": [
      2.116803777217865,
      1.7875740838050842,
      1.6470270586013793,
      1.5544752287864685,
      1.5166362810134888,
      1.4516133964061737,
      1.3829717969894408,
      1.3224327099323272,
      1.283056639432907,
      1.261941558122635,
      1.2164579010009766,
      1.1718314218521118,
      1.1556786423921586,
      1.096949838399887,
      1.086615051627159,
      1.0406604731082916,
      1.0273839849233628,
      0.9811587983369827,
      0.9814070945978165,
      0.9438285964727402,
      0.9039855617284774,
      0.8911161428689957,
      0.8736177134513855,
      0.8528838729858399,
      0.8222439080476761,
      0.8158319658041,
      0.7610412681102753,
      0.7905209290981293,
      0.7482941991090775,
      0.7411051017045974,
      0.7233145642280578,
      0.7146652787923813,
      0.6759983891248703,
      0.6522279846668243,
      0.6497325497865677,
      0.6306820076704025,
      0.6182041680812835,
      0.6050438112020493,
      0.5920040965080261
    ],
    "train_acc": [
      19.734375,
      35.4375,
      39.75,
      43.546875,
      45.0546875,
      47.5234375,
      49.984375,
      51.7421875,
      54.1171875,
      54.3984375,
      56.0234375,
      58.1328125,
      58.6015625,
      60.6796875,
      60.7890625,
      62.7734375,
      63.6328125,
      64.6875,
      65.4453125,
      67.0546875,
      68.0,
      68.4375,
      68.6484375,
      69.5234375,
      70.90625,
      71.421875,
      73.3984375,
      72.109375,
      73.421875,
      74.046875,
      74.625,
      74.71875,
      76.4921875,
      77.375,
      77.15625,
      77.6015625,
      78.375,
      79.140625,
      79.2421875
    ],
    "test_loss": [
      1.8875465655326844,
      1.71881906747818,
      1.592952890396118,
      1.526908926963806,
      1.4698979914188386,
      1.3883083587884903,
      1.354148400425911,
      1.3486785310506821,
      1.2933732712268828,
      1.2935442066192626,
      1.2362927889823914,
      1.18985875248909,
      1.17276047706604,
      1.164616222381592,
      1.13215637922287,
      1.1069797384738922,
      1.1093827122449875,
      1.092803983092308,
      1.1276305615901947,
      1.0473790866136552,
      1.075486226081848,
      1.0236203098297119,
      1.063045347929001,
      1.032690332531929,
      1.0280049908161164,
      1.0441588616371156,
      1.0271427679061889,
      1.039155855178833,
      1.0355073392391205,
      1.0353028839826584,
      1.041249475479126,
      1.0189662039279939,
      1.015490996837616,
      1.0106104016304016,
      1.0352020525932313,
      1.035467979311943,
      1.006892762184143,
      1.0126417231559754,
      1.0696206188201904
    ],
    "test_acc": [
      32.40625,
      38.3125,
      42.25,
      44.46875,
      47.46875,
      49.875,
      51.75,
      51.75,
      53.65625,
      54.0,
      56.03125,
      56.78125,
      58.09375,
      59.125,
      60.0625,
      60.875,
      60.09375,
      60.71875,
      61.0,
      63.71875,
      62.15625,
      63.71875,
      62.4375,
      64.21875,
      65.0625,
      63.6875,
      65.125,
      65.875,
      64.28125,
      65.90625,
      64.5,
      66.0625,
      65.875,
      66.09375,
      66.65625,
      65.8125,
      65.9375,
      66.625,
      65.78125
    ]
  }
}