{
  "config": {
    "run_name": "exp1_2",
    "out_dir": "./results",
    "seed": 343136197,
    "device": null,
    "bs_train": 128,
    "bs_test": 32,
    "batches": 100,
    "epochs": 100,
    "early_stopping": 3,
    "checkpoints": null,
    "lr": 0.001,
    "reg": 0.001,
    "filters_per_layer": [
      256
    ],
    "layers_per_block": 4,
    "pool_every": 3,
    "hidden_dims": [
      100
    ],
    "model_type": "cnn",
    "kw": {}
  },
  "results": {
    "num_epochs": 0,
    "train_loss": [
      2.1011090767383576,
      1.6068769657611848,
      1.4431895756721496,
      1.3345711052417755,
      1.2190269708633423,
      1.1600195473432542,
      1.0578088134527206,
      1.01318490087986,
      0.947106197476387,
      0.8976208370923996,
      0.8578315639495849,
      0.8032789885997772,
      0.738287163078785,
      0.6899678838253022,
      0.6307684510946274,
      0.6132066529989243,
      0.5488463652133941,
      0.5002870666980743,
      0.47547816634178164
    ],
    "train_acc": [
      23.5390625,
      41.0703125,
      47.25,
      51.390625,
      56.2265625,
      58.734375,
      62.8828125,
      63.96875,
      65.984375,
      68.8984375,
      70.1171875,
      72.3203125,
      74.5078125,
      76.1796875,
      78.2890625,
      79.6953125,
      81.6953125,
      83.3046875,
      84.203125
    ],
    "test_loss": [
      1.6983824455738068,
      1.4523935031890869,
      1.5059381496906281,
      1.263956738114357,
      1.2512728822231294,
      1.1492137002944947,
      1.1648516476154327,
      1.1189414703845977,
      1.0318911635875703,
      1.066834079027176,
      1.0082475978136063,
      1.0079746600985526,
      0.9774512848258019,
      0.9735498479008675,
      0.9770317789912224,
      1.0093342605233193,
      1.0244286781549454,
      1.0984731447696685,
      1.0582676169276237
    ],
    "test_acc": [
      38.9375,
      46.90625,
      46.0,
      54.6875,
      55.625,
      58.09375,
      58.78125,
      60.09375,
      63.0625,
      63.3125,
      65.90625,
      65.78125,
      66.8125,
      67.1875,
      67.59375,
      67.1875,
      67.09375,
      66.125,
      66.3125
    ]
  }
}