{
  "config": {
    "run_name": "exp1_4",
    "out_dir": "./results",
    "seed": 1634774683,
    "device": null,
    "bs_train": 128,
    "bs_test": 32,
    "batches": 100,
    "epochs": 100,
    "early_stopping": 3,
    "checkpoints": null,
    "lr": 0.001,
    "reg": 0.001,
    "filters_per_layer": [
      64,
      128,
      256
    ],
    "layers_per_block": 2,
    "pool_every": 3,
    "hidden_dims": [
      100
    ],
    "model_type": "resnet",
    "kw": {}
  },
  "results": {
    "num_epochs": 0,
    "train_loss": [
      1.8874394714832305,
      1.5154405987262727,
      1.3547624373435974,
      1.2275716775655747,
      1.1187373811006547,
      1.0220658600330352,
      0.9324876087903976,
      0.8576327675580978,
      0.8173338353633881,
      0.757695072889328,
      0.7015696465969086,
      0.6562500500679016,
      0.6186845940351486,
      0.5531670576334,
      0.5368950042128563,
      0.5091590857505799,
      0.4595625326037407,
      0.42301325380802157,
      0.3938372626900673,
      0.3728202736377716,
      0.3299290387332439,
      0.31348677560687066,
      0.28202235862612723,
      0.2582204909622669,
      0.22846214763820172,
      0.2280730625987053
    ],
    "train_acc": [
      31.0078125,
      45.1875,
      51.265625,
      56.3515625,
      60.0859375,
      63.6875,
      66.3515625,
      69.875,
      70.984375,
      73.9375,
      75.7421875,
      77.8203125,
      78.3828125,
      81.03125,
      81.859375,
      83.078125,
      84.0234375,
      85.140625,
      86.421875,
      87.203125,
      88.828125,
      89.453125,
      90.7109375,
      91.4921875,
      92.515625,
      92.5859375
    ],
    "test_loss": [
      1.6187302935123444,
      1.4141203486919403,
      1.2809382581710815,
      1.2060312801599502,
      1.0966293758153915,
      1.0327299016714095,
      0.9778234058618546,
      0.9158841723203659,
      0.8961712244153023,
      0.868054275214672,
      0.8449012103676796,
      0.8298270609974862,
      0.8099709811806679,
      0.8036970847845077,
      0.820398214161396,
      0.8234622991085052,
      0.8012821334600448,
      0.8299167764186859,
      0.7871207262575627,
      0.8499099865555764,
      0.8398884782195091,
      0.8820773713290692,
      0.8717885099351406,
      0.9417904403805732,
      0.9206284120678901,
      0.9620156359672546
    ],
    "test_acc": [
      40.4375,
      48.5,
      53.84375,
      55.96875,
      60.0625,
      62.65625,
      65.0625,
      67.6875,
      68.21875,
      69.65625,
      70.65625,
      71.71875,
      72.53125,
      73.53125,
      72.65625,
      72.75,
      73.875,
      74.75,
      74.75,
      74.09375,
      73.9375,
      75.78125,
      74.21875,
      74.5,
      74.75,
      73.84375
    ]
  }
}