{
  "config": {
    "run_name": "exp1_2",
    "out_dir": "./results",
    "seed": 458144413,
    "device": null,
    "bs_train": 128,
    "bs_test": 32,
    "batches": 100,
    "epochs": 100,
    "early_stopping": 3,
    "checkpoints": null,
    "lr": 0.001,
    "reg": 0.001,
    "filters_per_layer": [
      64
    ],
    "layers_per_block": 2,
    "pool_every": 3,
    "hidden_dims": [
      100
    ],
    "model_type": "cnn",
    "kw": {}
  },
  "results": {
    "num_epochs": 0,
    "train_loss": [
      1.8614201712608338,
      1.5197920393943787,
      1.359367161989212,
      1.2951989805698394,
      1.2378654789924621,
      1.1973520290851594,
      1.18484490275383,
      1.158055289387703,
      1.103615854382515,
      1.0537840986251832,
      1.0381050580739974,
      1.0208949494361876,
      0.9680359542369843,
      0.9282619392871857,
      0.8865126544237136,
      0.8599697935581208,
      0.805200924873352,
      0.7954630476236343,
      0.758455867767334,
      0.7182784187793732,
      0.6880923616886139,
      0.6540816432237625,
      0.6324196067452431,
      0.6169352161884308,
      0.582905305325985,
      0.5580366009473801
    ],
    "train_acc": [
      32.2578125,
      45.3828125,
      51.5546875,
      54.125,
      56.0625,
      57.59375,
      58.125,
      58.96875,
      61.2734375,
      63.2265625,
      63.875,
      63.6484375,
      66.0390625,
      67.640625,
      69.078125,
      70.15625,
      72.8046875,
      72.6171875,
      73.6640625,
      75.5390625,
      76.59375,
      77.734375,
      78.6640625,
      79.3359375,
      80.265625,
      81.21875
    ],
    "test_loss": [
      1.5841833794116973,
      1.4150182759761811,
      1.3556460231542586,
      1.2703744733333588,
      1.291957266330719,
      1.231096875667572,
      1.1977386593818664,
      1.1894537431001664,
      1.2007593017816545,
      1.1374311912059785,
      1.1469513112306595,
      1.1243396836519242,
      1.1381770360469818,
      1.1416154378652572,
      1.1380831217765808,
      1.1239601278305054,
      1.1320705354213714,
      1.1446905094385147,
      1.1202741318941116,
      1.136562482714653,
      1.1550553941726684,
      1.151518098115921,
      1.189884166121483,
      1.2227798932790757,
      1.188164038658142,
      1.2068490374088288
    ],
    "test_acc": [
      43.625,
      48.46875,
      51.03125,
      53.59375,
      54.5,
      56.4375,
      57.3125,
      57.3125,
      57.5625,
      59.46875,
      59.4375,
      59.4375,
      59.9375,
      59.9375,
      60.03125,
      60.59375,
      61.09375,
      60.71875,
      61.5625,
      62.21875,
      61.71875,
      63.40625,
      62.4375,
      60.96875,
      62.71875,
      63.09375
    ]
  }
}