{
  "config": {
    "run_name": "exp1_2",
    "out_dir": "./results",
    "seed": 2139271246,
    "device": null,
    "bs_train": 128,
    "bs_test": 32,
    "batches": 100,
    "epochs": 100,
    "early_stopping": 3,
    "checkpoints": null,
    "lr": 0.001,
    "reg": 0.001,
    "filters_per_layer": [
      128
    ],
    "layers_per_block": 8,
    "pool_every": 3,
    "hidden_dims": [
      100
    ],
    "model_type": "cnn",
    "kw": {}
  },
  "results": {
    "num_epochs": 0,
    "train_loss": [
      2.155877454280853,
      1.8136715686321259,
      1.6474125432968139,
      1.5015076386928559,
      1.3877815341949462,
      1.3124945604801177,
      1.238571131825447,
      1.1830447566509248,
      1.1443386524915695,
      1.0604137533903122,
      1.016695881485939,
      0.9675010567903519,
      0.9284295481443405,
      0.8980778217315674,
      0.8262910676002503,
      0.8074351471662521,
      0.7955791622400283,
      0.732741339802742,
      0.7161422193050384,
      0.6687465408444404,
      0.662489201426506,
      0.6249488189816474,
      0.5926825124025344,
      0.5745217052102088,
      0.5712187674641609,
      0.5437707030773162,
      0.5239378198981285,
      0.4954582425951958,
      0.4656111004948616,
      0.46200681895017626,
      0.4266152134537697,
      0.43045540630817414,
      0.38521958261728284,
      0.3815069183707237,
      0.3811597853899002,
      0.36154271215200423,
      0.34345646381378175,
      0.31325807973742487,
      0.3132895188033581,
      0.29327492266893385,
      0.29055387429893015
    ],
    "train_acc": [
      19.0,
      32.8671875,
      38.9765625,
      44.703125,
      48.8671875,
      52.2578125,
      55.296875,
      57.6640625,
      59.5,
      62.4765625,
      63.9140625,
      65.8671875,
      67.296875,
      68.21875,
      70.8125,
      71.3671875,
      71.890625,
      74.3359375,
      75.171875,
      76.625,
      76.640625,
      78.0234375,
      79.1796875,
      79.9375,
      80.484375,
      81.0234375,
      82.0703125,
      82.6171875,
      83.7421875,
      84.0703125,
      85.1328125,
      85.09375,
      86.65625,
      86.96875,
      86.828125,
      87.4453125,
      88.5546875,
      89.375,
      89.359375,
      89.7734375,
      89.9453125
    ],
    "test_loss": [
      1.9643732213974,
      1.6472996604442596,
      1.4861298680305481,
      1.5251829242706298,
      1.4080634838342667,
      1.3148708432912826,
      1.2069522374868393,
      1.1764940696954727,
      1.1559898579120635,
      1.1120748335123063,
      1.0280457985401155,
      1.0989027267694473,
      0.9989415568113327,
      0.9660540169477463,
      0.9338754796981812,
      0.9514565014839172,
      0.8916159945726395,
      0.8992268872261048,
      0.883291482925415,
      0.9000706586241722,
      0.8608806496858596,
      0.8834251812100411,
      0.8295914071798325,
      0.8402383679151535,
      0.8175277164578438,
      0.8199445015192032,
      0.8479433134198189,
      0.8268370649218559,
      0.877824351489544,
      0.8543411883711814,
      0.8714507043361663,
      0.8317973524332046,
      0.8622915115952492,
      0.8741963216662407,
      0.9012895613908768,
      0.9215392526984215,
      0.9727234268188476,
      0.9684700441360473,
      1.0193894636631011,
      1.0497672212123872,
      0.980851021707058
    ],
    "test_acc": [
      27.96875,
      39.625,
      45.625,
      44.40625,
      48.9375,
      52.46875,
      56.15625,
      57.8125,
      58.28125,
      59.46875,
      63.5,
      61.46875,
      64.5,
      65.21875,
      67.375,
      66.5,
      68.34375,
      68.5,
      68.65625,
      68.90625,
      70.5625,
      70.34375,
      72.03125,
      71.34375,
      73.0625,
      71.9375,
      71.625,
      72.34375,
      73.09375,
      73.15625,
      72.46875,
      73.5,
      72.8125,
      73.1875,
      73.8125,
      73.46875,
      74.0,
      73.53125,
      71.96875,
      73.65625,
      73.65625
    ]
  }
}