{
  "config": {
    "run_name": "exp1_2",
    "out_dir": "./results",
    "seed": 1033699564,
    "device": null,
    "bs_train": 128,
    "bs_test": 32,
    "batches": 100,
    "epochs": 100,
    "early_stopping": 3,
    "checkpoints": null,
    "lr": 0.001,
    "reg": 0.001,
    "filters_per_layer": [
      256
    ],
    "layers_per_block": 8,
    "pool_every": 3,
    "hidden_dims": [
      100
    ],
    "model_type": "cnn",
    "kw": {}
  },
  "results": {
    "num_epochs": 0,
    "train_loss": [
      2.1503333222866057,
      1.8920680034160613,
      1.6775628626346588,
      1.548323551416397,
      1.4170466792583465,
      1.306122144460678,
      1.1940959864854812,
      1.110917118191719,
      1.0336391562223435,
      0.9569492346048355,
      0.9159387981891632,
      0.8427561140060424,
      0.7994674664735794,
      0.7392869365215301,
      0.7116232606768608,
      0.676760268509388,
      0.6308184722065926,
      0.597014310657978,
      0.587356307208538,
      0.5552409887313843,
      0.5092700722813607,
      0.4838799065351486,
      0.458863759636879,
      0.43467707216739654,
      0.4007426634430885,
      0.3891283832490444,
      0.34773637920618056,
      0.34515580877661706,
      0.31661484256386757,
      0.2915172129869461
    ],
    "train_acc": [
      18.84375,
      30.6796875,
      37.78125,
      43.6796875,
      48.3359375,
      52.921875,
      57.1875,
      60.6015625,
      63.3671875,
      66.125,
      67.53125,
      70.2734375,
      72.1328125,
      74.0,
      75.078125,
      76.8046875,
      77.9921875,
      79.0078125,
      79.7890625,
      80.421875,
      82.34375,
      83.5546875,
      83.828125,
      84.6484375,
      86.546875,
      86.78125,
      88.03125,
      88.3515625,
      89.3828125,
      90.0625
    ],
    "test_loss": [
      1.9743140542507172,
      1.7717655003070831,
      1.580158599615097,
      1.4954359698295594,
      1.3090286654233934,
      1.2564073503017426,
      1.1629666954278945,
      1.1075381237268447,
      1.0278478676080705,
      0.9935808193683624,
      0.9214815807342529,
      0.9758868426084518,
      0.8447645208239556,
      0.9060455188155174,
      0.9069357770681381,
      0.8183385214209556,
      0.7792812496423721,
      0.8224264258146285,
      0.8288886159658432,
      0.7733972775936127,
      0.7952817955613136,
      0.7791389086842537,
      0.8121136465668678,
      0.7702875566482544,
      0.772391214966774,
      0.787400518655777,
      0.8408230696618557,
      0.8377916330099106,
      0.9107434269785881,
      0.9472716146707535
    ],
    "test_acc": [
      30.59375,
      35.5625,
      43.09375,
      46.875,
      53.28125,
      53.71875,
      57.34375,
      60.0625,
      63.375,
      65.09375,
      67.3125,
      65.25,
      69.53125,
      68.28125,
      68.5625,
      71.46875,
      73.3125,
      72.125,
      72.25,
      74.21875,
      73.96875,
      73.4375,
      73.625,
      74.3125,
      75.125,
      75.4375,
      75.09375,
      74.53125,
      73.3125,
      74.03125
    ]
  }
}