{
  "config": {
    "run_name": "exp1_2",
    "out_dir": "./results",
    "seed": 1655929483,
    "device": null,
    "bs_train": 128,
    "bs_test": 32,
    "batches": 100,
    "epochs": 100,
    "early_stopping": 3,
    "checkpoints": null,
    "lr": 0.001,
    "reg": 0.001,
    "filters_per_layer": [
      32
    ],
    "layers_per_block": 2,
    "pool_every": 3,
    "hidden_dims": [
      100
    ],
    "model_type": "cnn",
    "kw": {}
  },
  "results": {
    "num_epochs": 0,
    "train_loss": [
      1.953907115459442,
      1.5680191922187805,
      1.4149663496017455,
      1.327809773683548,
      1.2559422135353089,
      1.2054372447729111,
      1.1461686426401139,
      1.1038923817873,
      1.0811909419298171,
      1.0211617147922516,
      1.004826933145523,
      0.9654239964485168,
      0.9215121084451675,
      0.9048703616857529,
      0.8855582517385483,
      0.8475056213140487,
      0.8193262714147568,
      0.7891306161880494,
      0.769670969247818,
      0.737096655368805,
      0.7200020503997803,
      0.699969288110733,
      0.6590399822592735,
      0.654261336028576,
      0.6100222334265709,
      0.5874445241689682,
      0.5690512755513191
    ],
    "train_acc": [
      28.2421875,
      43.984375,
      49.3515625,
      52.828125,
      54.9609375,
      56.6328125,
      59.3671875,
      60.71875,
      62.0390625,
      63.953125,
      64.3671875,
      66.5234375,
      67.6328125,
      68.4921875,
      69.4375,
      70.2265625,
      71.6484375,
      72.3984375,
      73.28125,
      74.484375,
      75.578125,
      75.765625,
      77.734375,
      77.625,
      79.234375,
      80.1328125,
      80.9375
    ],
    "test_loss": [
      1.7450979781150817,
      1.4383957374095917,
      1.3381110095977784,
      1.2882583224773407,
      1.226940605044365,
      1.2479504030942916,
      1.1886898267269135,
      1.175022188425064,
      1.1783142644166946,
      1.1576736557483673,
      1.1188517361879349,
      1.1113594847917556,
      1.1054869538545609,
      1.0799036633968353,
      1.0930235147476197,
      1.1407059234380723,
      1.0952367889881134,
      1.0785878479480744,
      1.0579761666059495,
      1.0701092851161957,
      1.0613518434762954,
      1.069805783033371,
      1.0851061898469925,
      1.0877231365442277,
      1.100101516842842,
      1.10212759912014,
      1.1232030594348907
    ],
    "test_acc": [
      35.53125,
      48.25,
      51.8125,
      54.125,
      55.75,
      55.3125,
      57.03125,
      59.1875,
      58.0,
      59.34375,
      60.34375,
      60.375,
      61.5625,
      62.34375,
      61.59375,
      60.59375,
      62.71875,
      62.375,
      63.5625,
      63.8125,
      63.8125,
      63.9375,
      64.3125,
      63.9375,
      64.09375,
      64.125,
      63.9375
    ]
  }
}