{
  "config": {
    "run_name": "exp1_4",
    "out_dir": "./results",
    "seed": 764019941,
    "device": null,
    "bs_train": 128,
    "bs_test": 32,
    "batches": 100,
    "epochs": 100,
    "early_stopping": 3,
    "checkpoints": null,
    "lr": 0.001,
    "reg": 0.001,
    "filters_per_layer": [
      32
    ],
    "layers_per_block": 16,
    "pool_every": 3,
    "hidden_dims": [
      100
    ],
    "model_type": "resnet",
    "kw": {}
  },
  "results": {
    "num_epochs": 0,
    "train_loss": [
      2.0943773198127746,
      1.7494058156013488,
      1.6377737271785735,
      1.532220677137375,
      1.4595839428901671,
      1.417252221107483,
      1.3462290954589844,
      1.2680486619472504,
      1.2131045776605607,
      1.1639132344722747,
      1.114379693865776,
      1.0906020778417587,
      1.0317818796634675,
      0.9831152355670929,
      0.9785665798187256,
      0.9431339347362518,
      0.9540058100223541,
      0.9055867260694503,
      0.8749540877342225,
      0.8644755446910858,
      0.8515359753370285,
      0.8195869809389115,
      0.8174113243818283,
      0.8017296701669693,
      0.7541613030433655,
      0.7421267640590667,
      0.7281516081094742,
      0.693658071756363,
      0.6986527976393699,
      0.6830892080068588,
      0.6682493585348129,
      0.6521418878436088
    ],
    "train_acc": [
      21.1171875,
      35.03125,
      39.2734375,
      43.0546875,
      46.2890625,
      48.453125,
      50.6171875,
      53.6328125,
      56.1875,
      57.9609375,
      59.4609375,
      60.671875,
      63.125,
      64.5859375,
      64.328125,
      65.7734375,
      65.9296875,
      67.9609375,
      68.7265625,
      69.484375,
      69.9296875,
      70.6953125,
      70.46875,
      71.703125,
      73.3984375,
      73.9765625,
      74.3359375,
      75.40625,
      75.5234375,
      76.609375,
      76.7890625,
      77.234375
    ],
    "test_loss": [
      1.8055041575431823,
      1.8753778088092803,
      1.5262613809108734,
      1.4667643749713897,
      1.4302325224876404,
      1.4492610061168671,
      1.3001679956912995,
      1.2823545551300048,
      1.2028967821598053,
      1.139935888648033,
      1.135613505244255,
      1.0887603282928466,
      1.0410198891162872,
      1.0621135866641997,
      1.0048501414060593,
      1.0722685313224793,
      0.9957823181152343,
      0.9533931040763854,
      0.9219473618268966,
      0.9377467343211174,
      0.8943851017951965,
      0.9185917121171951,
      0.8715501281619072,
      0.8563647845387459,
      0.8554867967963219,
      0.8489622563123703,
      0.8324116590619087,
      0.8300095266103744,
      0.8285471054911614,
      0.8231897914409637,
      0.8535046175122261,
      0.8329777055978775
    ],
    "test_acc": [
      34.375,
      32.46875,
      43.8125,
      44.5625,
      47.1875,
      47.0,
      52.25,
      52.90625,
      56.21875,
      59.0625,
      59.34375,
      61.53125,
      62.5,
      62.1875,
      64.46875,
      61.25,
      64.28125,
      66.75,
      67.15625,
      66.0625,
      68.5,
      67.96875,
      69.75,
      69.3125,
      69.59375,
      69.8125,
      71.03125,
      71.65625,
      71.03125,
      71.09375,
      70.8125,
      71.21875
    ]
  }
}