{
  "config": {
    "run_name": "exp1_1_L4_K32",
    "out_dir": "./results",
    "seed": 170529147,
    "device": null,
    "bs_train": 128,
    "bs_test": 32,
    "batches": 100,
    "epochs": 100,
    "early_stopping": 3,
    "checkpoints": null,
    "lr": 0.001,
    "reg": 0.001,
    "filters_per_layer": [
      32
    ],
    "layers_per_block": 4,
    "pool_every": 3,
    "hidden_dims": [
      100
    ],
    "model_type": "cnn",
    "kw": {}
  },
  "results": {
    "num_epochs": 0,
    "train_loss": [
      2.048205089569092,
      1.6999115705490113,
      1.474149647951126,
      1.3727128326892852,
      1.2853679049015045,
      1.2286942398548126,
      1.1654827004671098,
      1.1148960107564927,
      1.0683246564865112,
      1.01500497341156,
      0.9698501819372177,
      0.9192774933576584,
      0.9050961542129516,
      0.8708882766962052,
      0.8385150527954102,
      0.7921861958503723,
      0.7719179409742355,
      0.7465117436647415,
      0.7194570976495743
    ],
    "train_acc": [
      25.390625,
      38.4453125,
      46.9296875,
      50.5546875,
      54.125,
      55.84375,
      58.9921875,
      60.3125,
      62.21875,
      64.0,
      65.75,
      67.2890625,
      68.203125,
      69.875,
      70.9375,
      72.140625,
      72.5703125,
      74.0234375,
      74.671875
    ],
    "test_loss": [
      1.7926947963237763,
      1.5780215799808501,
      1.3888366305828095,
      1.3440131396055222,
      1.2593167370557785,
      1.2166096186637878,
      1.168372300863266,
      1.1368203198909759,
      1.112638196349144,
      1.0961733734607697,
      1.0293945509195328,
      1.02834632396698,
      0.9974579590559006,
      0.9852160781621933,
      0.9653235346078872,
      1.0045068043470382,
      0.992439313530922,
      0.9820866787433624,
      0.9918153041601181
    ],
    "test_acc": [
      37.53125,
      42.46875,
      49.59375,
      50.0625,
      54.34375,
      55.96875,
      57.46875,
      59.5625,
      59.375,
      60.0625,
      63.46875,
      64.15625,
      64.75,
      65.25,
      65.90625,
      64.25,
      65.40625,
      65.46875,
      65.03125
    ]
  }
}