{
  "config": {
    "run_name": "exp1_3",
    "out_dir": "./results",
    "seed": 776635504,
    "device": null,
    "bs_train": 128,
    "bs_test": 32,
    "batches": 100,
    "epochs": 100,
    "early_stopping": 3,
    "checkpoints": null,
    "lr": 0.001,
    "reg": 0.001,
    "filters_per_layer": [
      64,
      128,
      256
    ],
    "layers_per_block": 1,
    "pool_every": 3,
    "hidden_dims": [
      100
    ],
    "model_type": "cnn",
    "kw": {}
  },
  "results": {
    "num_epochs": 0,
    "train_loss": [
      1.8752605211734772,
      1.5020459818840026,
      1.3125459039211274,
      1.2091601800918579,
      1.124378132224083,
      1.032710525393486,
      0.9597500509023666,
      0.8827215540409088,
      0.8252359902858735,
      0.8049755501747131,
      0.7325530445575714,
      0.6920191618800163,
      0.639507163465023,
      0.5999956974387168,
      0.5681524643301964,
      0.5248569306731224,
      0.4972709405422211,
      0.44820883095264435,
      0.4070248432457447,
      0.36817557156085967,
      0.3305432462692261,
      0.30893125787377357,
      0.2918302473425865
    ],
    "train_acc": [
      32.0546875,
      46.1640625,
      53.34375,
      56.5625,
      60.0234375,
      63.0859375,
      66.6015625,
      68.875,
      71.453125,
      72.0390625,
      74.875,
      76.078125,
      78.0859375,
      79.6796875,
      80.9296875,
      82.296875,
      83.1875,
      85.40625,
      86.4609375,
      88.296875,
      89.328125,
      90.1875,
      90.8359375
    ],
    "test_loss": [
      1.5595686972141265,
      1.3557923340797424,
      1.2873693269491195,
      1.1721489775180816,
      1.1230634844303131,
      1.0625711405277252,
      1.0025227344036103,
      0.9798384976387023,
      0.9997566294670105,
      0.9333128899335861,
      0.9455755278468132,
      0.964704330265522,
      0.9154964879155159,
      0.9714370253682136,
      0.9555942791700364,
      0.9547429063916206,
      0.9589924135804176,
      0.992751727104187,
      1.0357914367318153,
      1.0157617011666298,
      1.1114511203765869,
      1.0897329691052438,
      1.0963778832554818
    ],
    "test_acc": [
      44.0,
      50.75,
      52.96875,
      57.8125,
      59.125,
      61.875,
      64.8125,
      65.34375,
      64.75,
      67.25,
      67.8125,
      67.0625,
      69.25,
      68.3125,
      68.96875,
      69.03125,
      69.46875,
      69.40625,
      69.84375,
      69.53125,
      68.125,
      68.90625,
      69.5
    ]
  }
}