{
  "config": {
    "run_name": "exp1_2",
    "out_dir": "./results",
    "seed": 802790520,
    "device": null,
    "bs_train": 128,
    "bs_test": 32,
    "batches": 100,
    "epochs": 100,
    "early_stopping": 3,
    "checkpoints": null,
    "lr": 0.001,
    "reg": 0.001,
    "filters_per_layer": [
      128
    ],
    "layers_per_block": 2,
    "pool_every": 3,
    "hidden_dims": [
      100
    ],
    "model_type": "cnn",
    "kw": {}
  },
  "results": {
    "num_epochs": 0,
    "train_loss": [
      1.989678417444229,
      1.5577082169055938,
      1.371602120399475,
      1.2905189955234528,
      1.2187145978212357,
      1.156435467004776,
      1.1163240987062455,
      1.0711869889497756,
      1.0293226361274719,
      1.01310196518898,
      0.9758476972579956,
      0.9542186915874481
    ],
    "train_acc": [
      30.4609375,
      43.671875,
      51.1796875,
      54.328125,
      56.84375,
      58.859375,
      61.046875,
      62.4765625,
      63.4375,
      64.5546875,
      65.6015625,
      67.0078125
    ],
    "test_loss": [
      1.6162809884548188,
      1.472424360513687,
      1.3251556962728501,
      1.296064065694809,
      1.2546168905496597,
      1.1857480543851853,
      1.21936483502388,
      1.1479560261964799,
      1.1623122161626815,
      1.1687591874599457,
      1.2181198877096175,
      1.1638666355609895
    ],
    "test_acc": [
      41.625,
      47.96875,
      52.8125,
      53.375,
      55.40625,
      58.3125,
      56.5,
      59.46875,
      58.90625,
      58.53125,
      57.5,
      58.8125
    ]
  }
}