{
  "config": {
    "run_name": "exp1_3",
    "out_dir": "./results",
    "seed": 887109341,
    "device": null,
    "bs_train": 128,
    "bs_test": 32,
    "batches": 100,
    "epochs": 100,
    "early_stopping": 3,
    "checkpoints": null,
    "lr": 0.001,
    "reg": 0.001,
    "filters_per_layer": [
      64,
      128,
      256
    ],
    "layers_per_block": 2,
    "pool_every": 3,
    "hidden_dims": [
      100
    ],
    "model_type": "cnn",
    "kw": {}
  },
  "results": {
    "num_epochs": 0,
    "train_loss": [
      2.072950233221054,
      1.724673899412155,
      1.545663913488388,
      1.3894151854515076,
      1.3176568865776062,
      1.2179164522886277,
      1.1227217638492584,
      1.0641340875625611,
      1.0145423710346222,
      0.9329212069511413,
      0.8880215120315552,
      0.8521021485328675,
      0.8209168815612793,
      0.7595994699001313,
      0.7274880063533783,
      0.7064177989959717,
      0.6700220280885696,
      0.6316660332679749,
      0.6186686488986015,
      0.5938437780737877,
      0.5847763544321061,
      0.5322698047757148,
      0.5267902985215187,
      0.5025876277685165,
      0.47439087748527525,
      0.45299102157354354,
      0.43154229983687403,
      0.4164358556270599,
      0.39565927475690843,
      0.3668459749221802,
      0.3453643567860126,
      0.3371671214699745,
      0.3450138504803181
    ],
    "train_acc": [
      24.0234375,
      35.71875,
      43.046875,
      49.75,
      52.71875,
      56.328125,
      59.9765625,
      62.625,
      63.8671875,
      67.1640625,
      68.1875,
      69.59375,
      71.1015625,
      72.984375,
      74.8984375,
      75.453125,
      76.734375,
      78.046875,
      78.25,
      79.1484375,
      79.8046875,
      81.5234375,
      81.375,
      83.3203125,
      83.5625,
      84.1640625,
      85.0625,
      85.625,
      86.3359375,
      87.3671875,
      88.296875,
      88.703125,
      88.2265625
    ],
    "test_loss": [
      1.8544323480129241,
      1.567257009744644,
      1.4203867256641387,
      1.3165587824583054,
      1.2756610363721848,
      1.196537408232689,
      1.1909711676836015,
      1.1184674507379533,
      1.0360336315631866,
      0.9775407606363297,
      0.9267129197716713,
      0.9474690330028533,
      0.8960084220767022,
      0.8999177622795105,
      0.8410985425114632,
      0.863352530002594,
      0.8762998035550118,
      0.8207813978195191,
      0.8451267632842064,
      0.7927266758680344,
      0.8095643073320389,
      0.8006035783886909,
      0.8107751321792602,
      0.805559956729412,
      0.8157378402352333,
      0.7947946286201477,
      0.8196531480550766,
      0.8124008710682392,
      0.7950276800990105,
      0.8254246547818184,
      0.9283564767241478,
      0.8752516794204712,
      0.8773513180017471
    ],
    "test_acc": [
      32.125,
      42.40625,
      49.375,
      51.78125,
      53.8125,
      56.875,
      58.03125,
      60.59375,
      63.4375,
      65.4375,
      66.8125,
      65.53125,
      68.78125,
      68.5625,
      70.4375,
      69.71875,
      69.65625,
      72.21875,
      71.84375,
      72.9375,
      73.15625,
      74.59375,
      73.71875,
      72.96875,
      74.03125,
      74.96875,
      73.8125,
      74.09375,
      75.21875,
      74.25,
      74.9375,
      74.71875,
      73.15625
    ]
  }
}