{
  "config": {
    "run_name": "exp1_2",
    "out_dir": "./results",
    "seed": 1495211747,
    "device": null,
    "bs_train": 128,
    "bs_test": 32,
    "batches": 100,
    "epochs": 100,
    "early_stopping": 3,
    "checkpoints": null,
    "lr": 0.001,
    "reg": 0.001,
    "filters_per_layer": [
      32
    ],
    "layers_per_block": 4,
    "pool_every": 3,
    "hidden_dims": [
      100
    ],
    "model_type": "cnn",
    "kw": {}
  },
  "results": {
    "num_epochs": 0,
    "train_loss": [
      1.9119426202774048,
      1.5657156455516814,
      1.4412172293663026,
      1.340971711874008,
      1.2482802987098693,
      1.171037756204605,
      1.1444100749492645,
      1.0865379065275191,
      1.03719189286232,
      0.9740523415803909,
      0.9390467745065689,
      0.9125935584306717,
      0.8702608585357666,
      0.8482149231433869,
      0.8163865303993225,
      0.7732888174057007,
      0.7556416016817092,
      0.7136913877725601,
      0.6990437534451485,
      0.6681069564819336,
      0.6495709854364395,
      0.6493514207005501,
      0.5956338176131248,
      0.5793673759698867,
      0.5383626717329025,
      0.5272368201613427,
      0.5004273882508278,
      0.4884966167807579,
      0.45442660599946977,
      0.4447144287824631
    ],
    "train_acc": [
      29.3203125,
      43.5546875,
      47.59375,
      52.0078125,
      55.453125,
      58.390625,
      59.375,
      62.1484375,
      63.4140625,
      65.578125,
      67.2734375,
      68.09375,
      69.453125,
      70.4453125,
      71.359375,
      73.140625,
      73.75,
      75.265625,
      75.78125,
      76.53125,
      77.46875,
      77.8984375,
      79.8203125,
      80.125,
      81.4140625,
      81.8984375,
      82.8046875,
      83.4296875,
      84.90625,
      85.2890625
    ],
    "test_loss": [
      1.6524074721336364,
      1.4795631599426269,
      1.3412028121948243,
      1.2779382944107056,
      1.2198151314258576,
      1.210510149002075,
      1.2008202689886094,
      1.092756645679474,
      1.0922547382116319,
      1.035055758357048,
      1.0484759718179704,
      0.9984698683023453,
      0.9835654085874558,
      1.0059344309568405,
      0.9823242822289466,
      0.9470138448476791,
      0.9418892440199852,
      0.9424302986264229,
      0.9462791785597802,
      0.9563878372311592,
      0.9335939398407936,
      0.9488564381003379,
      0.9424196583032608,
      0.9972257733345031,
      0.9787404227256775,
      0.9646013763546943,
      0.9838990247249604,
      1.01618732213974,
      1.0195910640060901,
      1.0648802459239959
    ],
    "test_acc": [
      40.0625,
      47.46875,
      51.9375,
      53.78125,
      56.59375,
      56.9375,
      57.5625,
      61.53125,
      61.75,
      63.21875,
      63.875,
      65.34375,
      65.1875,
      64.84375,
      65.125,
      67.15625,
      67.3125,
      66.90625,
      67.28125,
      67.8125,
      68.65625,
      68.96875,
      68.59375,
      68.0625,
      67.71875,
      69.0,
      68.65625,
      67.625,
      68.3125,
      67.46875
    ]
  }
}