{
  "config": {
    "run_name": "exp1_2",
    "out_dir": "./results",
    "seed": 282940708,
    "device": null,
    "bs_train": 128,
    "bs_test": 32,
    "batches": 100,
    "epochs": 100,
    "early_stopping": 3,
    "checkpoints": null,
    "lr": 0.001,
    "reg": 0.001,
    "filters_per_layer": [
      256
    ],
    "layers_per_block": 2,
    "pool_every": 3,
    "hidden_dims": [
      100
    ],
    "model_type": "cnn",
    "kw": {}
  },
  "results": {
    "num_epochs": 0,
    "train_loss": [
      2.1277237141132357,
      1.6393611824512482,
      1.5398365533351899,
      1.4711147141456604,
      1.4370734786987305,
      1.3795302760601045,
      1.360342482328415,
      1.3174497735500337,
      1.275742564201355,
      1.2539366316795348,
      1.2443677759170533,
      1.2123563420772552,
      1.1869526898860931,
      1.1831370890140533,
      1.1487848436832429,
      1.1385608273744583,
      1.1141092419624328,
      1.0975550615787506,
      1.0832602554559707,
      1.0736286693811417,
      1.0563406985998154,
      1.0385439783334731,
      1.029829290509224,
      1.0071720051765443,
      0.9916271644830704,
      0.9784508806467056,
      0.9585101240873337
    ],
    "train_acc": [
      26.9609375,
      40.9453125,
      44.4921875,
      46.9609375,
      48.5,
      50.5546875,
      51.8828125,
      53.1171875,
      53.8984375,
      54.859375,
      55.6640625,
      56.515625,
      57.375,
      57.953125,
      59.265625,
      59.40625,
      60.65625,
      60.75,
      61.5625,
      61.9296875,
      62.4375,
      63.203125,
      63.7578125,
      64.1796875,
      64.8984375,
      65.375,
      66.0234375
    ],
    "test_loss": [
      1.703811446428299,
      1.542066433429718,
      1.4893954241275786,
      1.559436993598938,
      1.4057396745681763,
      1.3668667131662369,
      1.4041298151016235,
      1.3445789521932603,
      1.3274244773387909,
      1.3234568363428116,
      1.3309875893592835,
      1.286629849076271,
      1.2979040133953095,
      1.264621412754059,
      1.275007209777832,
      1.2572209465503692,
      1.2452368903160096,
      1.2423916012048721,
      1.2767613035440446,
      1.2366563987731933,
      1.2521888214349746,
      1.2319948470592499,
      1.2070448279380799,
      1.2705574119091034,
      1.2325165104866027,
      1.2573641073703765,
      1.252736539244652
    ],
    "test_acc": [
      38.875,
      43.6875,
      46.40625,
      44.4375,
      49.46875,
      50.84375,
      49.625,
      51.5,
      52.09375,
      52.375,
      51.5625,
      52.8125,
      53.34375,
      54.3125,
      54.46875,
      55.53125,
      55.5625,
      55.21875,
      54.75,
      56.0,
      55.25,
      55.53125,
      56.96875,
      55.59375,
      55.65625,
      55.03125,
      55.6875
    ]
  }
}