{
  "config": {
    "run_name": "exp1_1",
    "out_dir": "./results",
    "seed": 1479594373,
    "device": null,
    "bs_train": 128,
    "bs_test": 32,
    "batches": 100,
    "epochs": 100,
    "early_stopping": 3,
    "checkpoints": null,
    "lr": 0.001,
    "reg": 0.001,
    "filters_per_layer": [
      64
    ],
    "layers_per_block": 16,
    "pool_every": 3,
    "hidden_dims": [
      100
    ],
    "model_type": "cnn",
    "kw": {}
  },
  "results": {
    "num_epochs": 0,
    "train_loss": [
      2.3028258419036867,
      2.3030612111091613,
      2.3030586361885073,
      2.3029092526435853,
      2.302847480773926,
      2.3029625535011293,
      2.30294105052948,
      2.3028963732719423,
      2.3027655577659605
    ],
    "train_acc": [
      10.3828125,
      10.15625,
      9.5078125,
      9.3046875,
      9.703125,
      9.5234375,
      9.6171875,
      9.71875,
      9.8515625
    ],
    "test_loss": [
      2.3035277628898623,
      2.3031393122673034,
      2.302660083770752,
      2.302699537277222,
      2.3025610065460205,
      2.302663245201111,
      2.302800192832947,
      2.30278733253479,
      2.3029340219497683
    ],
    "test_acc": [
      9.84375,
      9.84375,
      9.75,
      9.625,
      10.5,
      9.625,
      9.96875,
      9.96875,
      9.84375
    ]
  }
}