{
  "config": {
    "run_name": "exp1_4",
    "out_dir": "./results",
    "seed": 462199874,
    "device": null,
    "bs_train": 128,
    "bs_test": 32,
    "batches": 100,
    "epochs": 100,
    "early_stopping": 3,
    "checkpoints": null,
    "lr": 0.001,
    "reg": 0.001,
    "filters_per_layer": [
      64,
      128,
      256
    ],
    "layers_per_block": 8,
    "pool_every": 8,
    "hidden_dims": [
      100
    ],
    "model_type": "resnet",
    "kw": {}
  },
  "results": {
    "num_epochs": 0,
    "train_loss": [
      2.002564858198166,
      1.6511476004123689,
      1.5224198484420777,
      1.442417858839035,
      1.3933329558372498,
      1.319676834344864,
      1.2560543084144593,
      1.189782423377037,
      1.1410501724481583,
      1.0962732172012328,
      1.068670574426651,
      1.0475248903036118,
      0.9923235267400742,
      0.9739559280872345,
      0.9516175246238708,
      0.9209968942403793,
      0.88772913813591,
      0.8562074744701386,
      0.8477506971359253,
      0.8467980855703354,
      0.7997804778814316,
      0.7983263814449311,
      0.777492538690567,
      0.786639421582222,
      0.7371951001882553,
      0.7290548408031463,
      0.7178895843029022,
      0.687918390929699,
      0.6713362064957619,
      0.6626357007026672,
      0.6513107019662857,
      0.6326525467634201,
      0.64236671179533,
      0.6142036262154579,
      0.5957178658246994,
      0.5775683343410491
    ],
    "train_acc": [
      26.6171875,
      40.34375,
      44.75,
      46.953125,
      49.5859375,
      52.4453125,
      54.1953125,
      57.6796875,
      59.3984375,
      60.875,
      61.546875,
      62.2734375,
      65.1171875,
      65.2421875,
      66.3125,
      67.0625,
      68.53125,
      69.46875,
      69.796875,
      69.6640625,
      72.0703125,
      71.9296875,
      72.5546875,
      72.046875,
      74.0703125,
      73.9375,
      74.796875,
      75.5859375,
      76.296875,
      76.25,
      77.421875,
      77.875,
      77.2734375,
      78.3125,
      79.1015625,
      79.8203125
    ],
    "test_loss": [
      1.7710177206993103,
      1.51553533911705,
      1.5858120274543763,
      1.3485696023702622,
      1.319472177028656,
      1.269610939025879,
      1.1826153439283371,
      1.156800286769867,
      1.1078631633520126,
      1.1173118728399276,
      1.0603590494394302,
      1.015772943496704,
      0.9838697540760041,
      0.9631043130159378,
      0.9570232981443405,
      0.9734762889146805,
      0.9524077141284942,
      0.9072989058494568,
      0.9146863967180252,
      0.902246943116188,
      0.8800839692354202,
      0.8837271645665169,
      0.8807153883576393,
      0.8594194805622101,
      0.9030387744307518,
      0.8425183120369911,
      0.8085246953368187,
      0.8276713982224464,
      0.8489440986514092,
      0.8800396573543549,
      0.8005933773517608,
      0.800836289525032,
      0.8177777537703514,
      0.7788001316785812,
      0.8160778659582139,
      0.8055768126249313
    ],
    "test_acc": [
      36.1875,
      45.3125,
      42.21875,
      50.9375,
      51.71875,
      53.34375,
      57.34375,
      58.96875,
      60.09375,
      59.90625,
      61.90625,
      63.875,
      64.5,
      65.0625,
      65.625,
      65.53125,
      66.15625,
      67.4375,
      67.6875,
      67.09375,
      69.21875,
      67.875,
      68.40625,
      69.25,
      68.6875,
      70.375,
      71.53125,
      71.4375,
      70.65625,
      70.0625,
      71.96875,
      73.1875,
      70.71875,
      72.96875,
      72.5,
      72.71875
    ]
  }
}