{
  "config": {
    "run_name": "exp1_4",
    "out_dir": "./results",
    "seed": 322828686,
    "device": null,
    "bs_train": 128,
    "bs_test": 32,
    "batches": 100,
    "epochs": 100,
    "early_stopping": 3,
    "checkpoints": null,
    "lr": 0.001,
    "reg": 0.001,
    "filters_per_layer": [
      64,
      128,
      256
    ],
    "layers_per_block": 4,
    "pool_every": 3,
    "hidden_dims": [
      100
    ],
    "model_type": "resnet",
    "kw": {}
  },
  "results": {
    "num_epochs": 0,
    "train_loss": [
      2.1474280798435212,
      1.7676721513271332,
      1.5607083988189698,
      1.4434633445739746,
      1.3432304310798644,
      1.2305111742019654,
      1.1479793417453765,
      1.0354444164037704,
      1.0015560871362685,
      0.9347094917297363,
      0.8650191760063172,
      0.8055183464288711,
      0.7449774736166,
      0.6930995267629624,
      0.6787659558653831,
      0.6571792188286781,
      0.6090228578448296,
      0.557351203262806,
      0.5359216460585594,
      0.5146262717247009,
      0.4890323328971863,
      0.43612547442317007,
      0.4138082826137543,
      0.39003883525729177,
      0.3696723909676075,
      0.3749319651722908,
      0.3472276644408703,
      0.32220065549015997
    ],
    "train_acc": [
      19.5078125,
      34.3984375,
      42.1328125,
      46.8828125,
      51.40625,
      55.5078125,
      58.7890625,
      62.890625,
      64.140625,
      66.7265625,
      69.6171875,
      71.7421875,
      73.859375,
      75.6015625,
      76.125,
      76.953125,
      78.3984375,
      80.625,
      81.71875,
      82.0625,
      83.1953125,
      85.0,
      85.6875,
      86.1953125,
      87.328125,
      87.109375,
      88.109375,
      88.8359375
    ],
    "test_loss": [
      1.9682241010665893,
      1.6085450422763825,
      1.4615977168083192,
      1.3673352921009063,
      1.2536057430505751,
      1.2114007306098937,
      1.088362728357315,
      1.025951035618782,
      1.0052217197418214,
      0.9719972503185272,
      0.9460003495216369,
      0.8887665006518364,
      0.9026889491081238,
      0.9187605640292168,
      0.8418792718648911,
      0.8446105480194092,
      0.8156589955091477,
      0.821282209455967,
      0.8344613087177276,
      0.7694422808289528,
      0.8399149212241173,
      0.7876357831060886,
      0.7853631564974785,
      0.8170120951533317,
      0.842016025185585,
      0.8050343856215477,
      0.8375326503813266,
      0.8931622990965843
    ],
    "test_acc": [
      26.34375,
      40.65625,
      46.15625,
      50.4375,
      55.4375,
      56.15625,
      61.25,
      63.5,
      64.25,
      65.5,
      67.5625,
      69.78125,
      69.78125,
      68.65625,
      70.4375,
      71.40625,
      72.78125,
      73.15625,
      72.78125,
      74.15625,
      73.15625,
      74.46875,
      74.625,
      75.5625,
      74.8125,
      74.125,
      74.5625,
      73.3125
    ]
  }
}