{
  "config": {
    "run_name": "exp1_1_L8_K64",
    "out_dir": "./results",
    "seed": 629025825,
    "device": null,
    "bs_train": 128,
    "bs_test": 32,
    "batches": 100,
    "epochs": 100,
    "early_stopping": 3,
    "checkpoints": null,
    "lr": 0.001,
    "reg": 0.001,
    "filters_per_layer": [
      64
    ],
    "layers_per_block": 8,
    "pool_every": 3,
    "hidden_dims": [
      100
    ],
    "model_type": "cnn",
    "kw": {}
  },
  "results": {
    "num_epochs": 0,
    "train_loss": [
      2.0895268058776857,
      1.8137344253063201,
      1.6342907643318176,
      1.52085343003273,
      1.4179315233230592,
      1.329648139476776,
      1.2664926993846892,
      1.2239916586875916,
      1.1446784871816635,
      1.1049381077289582,
      1.0340411287546158,
      0.9737877422571182,
      0.9400823801755905,
      0.899053863286972,
      0.851896517276764,
      0.8228950995206833,
      0.8016566175222397,
      0.7453934651613235,
      0.730297759771347,
      0.7011437624692917,
      0.6676977163553238,
      0.6466020995378494,
      0.6272145360708237,
      0.5998247039318084,
      0.5730874294042587,
      0.5605706971883774,
      0.550036333501339,
      0.5121161010861397,
      0.49361212491989137,
      0.4714227223396301,
      0.4609829804301262
    ],
    "train_acc": [
      22.5703125,
      33.3125,
      39.6484375,
      44.234375,
      48.2109375,
      51.53125,
      54.2421875,
      56.2421875,
      58.96875,
      60.8515625,
      63.0,
      65.6484375,
      67.2578125,
      69.3203125,
      70.0390625,
      71.1328125,
      71.8046875,
      73.796875,
      74.484375,
      75.4375,
      76.640625,
      77.3515625,
      77.796875,
      79.15625,
      79.9921875,
      80.6015625,
      80.5625,
      81.875,
      82.71875,
      83.671875,
      84.0390625
    ],
    "test_loss": [
      1.9467307007312775,
      1.6555202937126159,
      1.5098701953887939,
      1.4414693713188171,
      1.3612247234582902,
      1.2932523876428603,
      1.2032458502054215,
      1.183475570678711,
      1.155844610929489,
      1.1357414573431015,
      1.0716917729377746,
      1.080867201089859,
      0.9972976267337799,
      0.9396798080205917,
      0.9395684242248535,
      0.9119106528162956,
      0.9132459372282028,
      0.9084017321467399,
      0.9107083684206009,
      0.9603971385955811,
      0.859742222726345,
      0.8959034141898156,
      0.8486212727427482,
      0.8725064504146576,
      0.8459556892514228,
      0.9102170240879058,
      0.8453084710240364,
      0.8662001857161522,
      0.8967992520332336,
      0.9751524150371551,
      0.9127678763866425
    ],
    "test_acc": [
      30.625,
      40.25,
      44.8125,
      47.0625,
      49.375,
      52.78125,
      56.6875,
      57.125,
      58.4375,
      58.96875,
      61.3125,
      60.9375,
      64.84375,
      65.875,
      67.40625,
      68.125,
      67.625,
      68.65625,
      69.09375,
      67.03125,
      70.03125,
      69.09375,
      71.09375,
      70.8125,
      71.28125,
      70.375,
      72.3125,
      71.46875,
      71.15625,
      70.625,
      71.375
    ]
  }
}