{
  "config": {
    "run_name": "exp1_3",
    "out_dir": "./results",
    "seed": 1256048540,
    "device": null,
    "bs_train": 128,
    "bs_test": 32,
    "batches": 100,
    "epochs": 100,
    "early_stopping": 3,
    "checkpoints": null,
    "lr": 0.001,
    "reg": 0.001,
    "filters_per_layer": [
      64,
      128,
      256
    ],
    "layers_per_block": 3,
    "pool_every": 3,
    "hidden_dims": [
      100
    ],
    "model_type": "cnn",
    "kw": {}
  },
  "results": {
    "num_epochs": 0,
    "train_loss": [
      2.2740026223659515,
      1.9633947503566742,
      1.7574554705619811,
      1.5954426109790802,
      1.5162444925308227,
      1.4447288250923156,
      1.393917634487152,
      1.3179962205886842,
      1.2749048089981079,
      1.2180176782608032,
      1.1841842442750932,
      1.130524792075157,
      1.0940268057584763,
      1.0505552685260773,
      1.003528777360916,
      0.9665475887060165,
      0.9214071989059448,
      0.905399779677391,
      0.8782250744104385,
      0.8247408759593964,
      0.7934526532888413,
      0.7648769861459732,
      0.7357249927520751,
      0.7266802525520325,
      0.6865320363640786,
      0.6617003279924393,
      0.6300585153698921,
      0.6081780856847763,
      0.5837810012698174,
      0.5687076669931411,
      0.5417600136995315,
      0.5296117195487022,
      0.4992885622382164,
      0.474269939661026,
      0.4529238456487656,
      0.438000864982605,
      0.41406030356884005,
      0.38580986246466636
    ],
    "train_acc": [
      11.4921875,
      26.1875,
      35.453125,
      41.21875,
      44.515625,
      47.0859375,
      48.328125,
      52.078125,
      54.0,
      55.625,
      57.359375,
      59.484375,
      60.984375,
      62.75,
      64.1328125,
      65.9453125,
      67.6875,
      68.0078125,
      68.78125,
      70.703125,
      71.796875,
      73.5625,
      73.7265625,
      74.3984375,
      75.28125,
      77.34375,
      77.96875,
      78.921875,
      79.875,
      80.25,
      81.296875,
      81.78125,
      83.0078125,
      83.3125,
      84.359375,
      84.921875,
      86.046875,
      86.8359375
    ],
    "test_loss": [
      2.1238767814636232,
      1.822094157934189,
      1.7176359152793885,
      1.5204091787338256,
      1.4659333729743957,
      1.5185252273082732,
      1.3308766782283783,
      1.3089806520938874,
      1.238006404042244,
      1.2060432654619218,
      1.1628137427568435,
      1.171701910495758,
      1.1375436675548554,
      1.143155544400215,
      1.0361609053611756,
      1.0085487842559815,
      1.00721617102623,
      0.9777133744955063,
      0.9517372444272041,
      0.9826910281181336,
      0.921213840842247,
      0.9312158298492431,
      0.9441126674413681,
      0.9063253432512284,
      0.8954311299324036,
      0.9756465786695481,
      0.9131358546018601,
      0.9010101798176765,
      0.8888510805368424,
      0.9155036067962646,
      0.937702077627182,
      0.8934597930312157,
      0.9687860569357872,
      0.9172508397698402,
      0.9353969326615333,
      0.9549399861693382,
      0.9785334822535515,
      1.0268585449457168
    ],
    "test_acc": [
      17.53125,
      33.03125,
      38.375,
      44.03125,
      47.71875,
      43.15625,
      52.34375,
      53.125,
      55.8125,
      57.25,
      58.65625,
      58.5,
      59.75,
      60.71875,
      63.375,
      64.6875,
      63.84375,
      64.46875,
      66.71875,
      65.71875,
      67.9375,
      67.53125,
      66.5625,
      68.34375,
      69.0,
      67.5,
      69.8125,
      70.0,
      70.0625,
      70.34375,
      69.75,
      70.59375,
      69.46875,
      71.15625,
      70.375,
      70.0625,
      70.6875,
      70.21875
    ]
  }
}