{
  "config": {
    "run_name": "exp1_2",
    "out_dir": "./results",
    "seed": 1408008998,
    "device": null,
    "bs_train": 128,
    "bs_test": 32,
    "batches": 100,
    "epochs": 100,
    "early_stopping": 3,
    "checkpoints": null,
    "lr": 0.001,
    "reg": 0.001,
    "filters_per_layer": [
      32
    ],
    "layers_per_block": 8,
    "pool_every": 3,
    "hidden_dims": [
      100
    ],
    "model_type": "cnn",
    "kw": {}
  },
  "results": {
    "num_epochs": 0,
    "train_loss": [
      2.1337531983852385,
      1.868748345375061,
      1.697506501674652,
      1.6351228260993957,
      1.5285791778564453,
      1.463364188671112,
      1.3881939232349396,
      1.337500970363617,
      1.2904332888126373,
      1.2457269901037216,
      1.1887520998716354,
      1.1710016441345215,
      1.103467891216278,
      1.0878981518745423,
      1.0502921539545058,
      1.0117923158407212,
      1.0069160103797912,
      0.9875947612524033,
      0.9281774306297302,
      0.9092544078826904,
      0.8907875919342041,
      0.8795642244815827,
      0.8356684792041779,
      0.8207135051488876,
      0.7949272495508194,
      0.7961484408378601,
      0.7559482604265213,
      0.7590707939863205,
      0.7254951906204223,
      0.7106093552708626,
      0.707520147562027,
      0.6788887307047844,
      0.6863870546221733
    ],
    "train_acc": [
      19.703125,
      31.28125,
      38.515625,
      40.2734375,
      44.234375,
      47.203125,
      49.796875,
      51.859375,
      54.0234375,
      55.09375,
      57.203125,
      58.34375,
      60.546875,
      61.546875,
      62.6875,
      63.921875,
      64.6953125,
      65.0625,
      67.0,
      67.5703125,
      68.6015625,
      69.4296875,
      71.2109375,
      71.1015625,
      72.390625,
      71.765625,
      73.765625,
      73.5859375,
      74.828125,
      75.328125,
      75.421875,
      76.4921875,
      76.1171875
    ],
    "test_loss": [
      2.0011285388469697,
      1.716884080171585,
      1.6539810168743134,
      1.6067857944965362,
      1.471541610956192,
      1.4416968202590943,
      1.4090448391437531,
      1.3608716082572938,
      1.2853958749771117,
      1.2722369062900543,
      1.2715118658542632,
      1.184267938733101,
      1.1898929268121718,
      1.2017635917663574,
      1.1136175799369812,
      1.0777741640806198,
      1.0696175944805146,
      1.0764970135688783,
      1.0431840497255325,
      1.0921812105178832,
      1.1108683931827545,
      1.0145790165662765,
      1.000834335386753,
      0.9967136722803116,
      0.9900434923171997,
      0.974032267332077,
      1.0026365846395493,
      0.972392390370369,
      0.9678265285491944,
      0.9880215519666672,
      0.976802248954773,
      0.9616451665759087,
      0.9513971695303917
    ],
    "test_acc": [
      28.5625,
      37.125,
      40.5,
      41.8125,
      47.1875,
      48.21875,
      49.84375,
      51.4375,
      53.875,
      54.4375,
      55.375,
      57.96875,
      57.625,
      56.96875,
      59.90625,
      61.375,
      61.75,
      60.6875,
      62.25,
      61.40625,
      61.4375,
      64.59375,
      64.09375,
      64.40625,
      65.53125,
      66.125,
      65.125,
      65.34375,
      67.1875,
      66.125,
      67.0625,
      66.59375,
      66.53125
    ]
  }
}