{
  "config": {
    "run_name": "exp1_4",
    "out_dir": "./results",
    "seed": 626738341,
    "device": null,
    "bs_train": 128,
    "bs_test": 32,
    "batches": 100,
    "epochs": 100,
    "early_stopping": 3,
    "checkpoints": null,
    "lr": 0.001,
    "reg": 0.001,
    "filters_per_layer": [
      32
    ],
    "layers_per_block": 8,
    "pool_every": 3,
    "hidden_dims": [
      100
    ],
    "model_type": "resnet",
    "kw": {}
  },
  "results": {
    "num_epochs": 0,
    "train_loss": [
      1.9991215980052948,
      1.613537061214447,
      1.4404933667182922,
      1.35639289021492,
      1.2411537194252014,
      1.176378582715988,
      1.1016033279895783,
      1.0657653462886811,
      0.9965423274040223,
      0.9528144270181655,
      0.9207300758361816,
      0.8823383939266205,
      0.8365891832113266,
      0.8305916035175324,
      0.8015156549215317,
      0.7756124728918076,
      0.7488314917683602,
      0.706297436952591,
      0.7146431159973144,
      0.685194593667984,
      0.6679714626073837,
      0.6491611579060554,
      0.629538646042347,
      0.6112878403067589,
      0.5809295836091042,
      0.5786471500992775,
      0.5616848248243332,
      0.5482077500224114,
      0.5428888490796089,
      0.5355683651566505,
      0.5143673768639565,
      0.5057617637515068,
      0.48880056411027906,
      0.4812610074877739,
      0.44999761760234835
    ],
    "train_acc": [
      26.453125,
      41.421875,
      47.859375,
      51.34375,
      55.65625,
      58.5703125,
      60.875,
      62.578125,
      64.9765625,
      66.65625,
      67.515625,
      68.7734375,
      70.78125,
      70.90625,
      72.1015625,
      72.65625,
      74.0078125,
      75.234375,
      75.1171875,
      76.40625,
      76.6640625,
      77.5546875,
      77.9609375,
      78.4453125,
      79.734375,
      80.0546875,
      80.703125,
      80.9921875,
      80.6640625,
      81.34375,
      82.296875,
      82.171875,
      83.0625,
      83.46875,
      84.4453125
    ],
    "test_loss": [
      1.7451335835456847,
      1.5032789289951325,
      1.4063643193244935,
      1.2948617780208587,
      1.3106713569164277,
      1.144706044793129,
      1.1096270859241486,
      1.0705421668291093,
      0.9996843886375427,
      0.942748818397522,
      0.911771467924118,
      0.9190019166469574,
      0.8981485241651535,
      0.9132794588804245,
      0.8507224908471107,
      0.8741135111451149,
      0.840275841653347,
      0.8089851129055023,
      0.7994288614392281,
      0.8022815689444542,
      0.7904034128785133,
      0.8154296779632568,
      0.7799924656748771,
      0.7873649069666863,
      0.7730782634019852,
      0.8071152761578559,
      0.7878490230441093,
      0.7752527272701264,
      0.7594575472176075,
      0.7567795845866203,
      0.7775587633252143,
      0.7849745553731918,
      0.7760513749718666,
      0.771369011849165,
      0.7973705670237541
    ],
    "test_acc": [
      37.1875,
      45.6875,
      48.75,
      53.96875,
      52.4375,
      59.15625,
      60.4375,
      62.375,
      64.03125,
      67.125,
      68.75,
      68.21875,
      68.15625,
      68.09375,
      70.40625,
      70.34375,
      71.6875,
      71.84375,
      72.5625,
      72.46875,
      72.875,
      72.34375,
      73.25,
      73.5625,
      73.3125,
      72.625,
      73.625,
      74.375,
      75.03125,
      74.40625,
      75.34375,
      73.84375,
      74.78125,
      75.28125,
      75.125
    ]
  }
}