{
  "config": {
    "run_name": "exp1_1_L16_K32",
    "out_dir": "./results",
    "seed": 2056189860,
    "device": null,
    "bs_train": 128,
    "bs_test": 32,
    "batches": 100,
    "epochs": 100,
    "early_stopping": 3,
    "checkpoints": null,
    "lr": 0.001,
    "reg": 0.001,
    "filters_per_layer": [
      32
    ],
    "layers_per_block": 16,
    "pool_every": 4,
    "hidden_dims": [
      100
    ],
    "model_type": "cnn",
    "kw": {}
  },
  "results": {
    "num_epochs": 0,
    "train_loss": [
      2.3033380579948424,
      2.3030449295043947,
      2.3029161930084228,
      2.3025870299339295,
      2.303046703338623,
      2.3027706241607664,
      2.3029126024246214,
      2.305791585445404,
      2.3058111572265627,
      2.274179162979126,
      2.1039177215099336,
      1.9551983976364136,
      1.880201245546341,
      1.8207911825180054,
      1.8157212781906127,
      1.77569220662117,
      1.7621852576732635,
      1.7372866880893707,
      1.717906504869461,
      1.7143758630752564,
      1.7274819242954254,
      1.673524775505066,
      1.659817156791687,
      1.6546640169620515,
      1.6631241643428802,
      1.6310720789432525,
      1.6433173096179963,
      1.6122657394409179,
      1.6041851115226746,
      1.5849277484416961,
      1.5772428703308106,
      1.5531122612953185,
      1.5548143208026886,
      1.555751965045929,
      1.5261928737163544,
      1.5322231698036193,
      1.507209380865097,
      1.4778049862384797,
      1.4789133739471436,
      1.4491143453121185,
      1.4268764102458953,
      1.4185067105293274,
      1.4093458950519562,
      1.3744220507144929,
      1.3731009185314178,
      1.3767640829086303,
      1.3552273988723755,
      1.3261463832855225,
      1.3295893740653992,
      1.305843403339386,
      1.3093831431865692,
      1.29653156042099,
      1.263279619216919,
      1.2869645738601685,
      1.2749303734302522,
      1.2721412420272826,
      1.2380118978023529,
      1.217953059077263,
      1.211351100206375,
      1.2170540618896484,
      1.1997946536540984,
      1.2043427538871765,
      1.1948576611280441,
      1.1731282037496567,
      1.1600680989027023,
      1.146085063815117,
      1.135486204624176
    ],
    "train_acc": [
      9.78125,
      9.9609375,
      10.3359375,
      10.59375,
      9.6640625,
      10.1015625,
      10.1015625,
      9.90625,
      10.1328125,
      12.625,
      19.65625,
      24.6328125,
      27.40625,
      29.6484375,
      31.2265625,
      32.1640625,
      32.3984375,
      33.6484375,
      34.71875,
      34.5859375,
      34.296875,
      36.75,
      36.9453125,
      36.5546875,
      37.2109375,
      38.671875,
      38.375,
      39.6953125,
      39.5703125,
      40.65625,
      41.203125,
      41.59375,
      42.3046875,
      41.625,
      43.1015625,
      43.234375,
      43.84375,
      45.3984375,
      44.296875,
      46.46875,
      47.4609375,
      47.765625,
      48.2421875,
      49.4453125,
      49.6640625,
      49.546875,
      50.3203125,
      51.4453125,
      51.4375,
      51.7890625,
      52.0078125,
      52.4296875,
      54.09375,
      53.40625,
      53.8671875,
      53.625,
      55.359375,
      56.2890625,
      55.8828125,
      55.828125,
      56.25,
      56.328125,
      57.1953125,
      57.8515625,
      58.0859375,
      59.109375,
      59.2109375
    ],
    "test_loss": [
      2.302475080490112,
      2.3024816584587096,
      2.3023750376701355,
      2.302744390964508,
      2.302572178840637,
      2.3024051451683043,
      2.3026398277282714,
      2.3028274011611938,
      2.3030232191085815,
      2.185551121234894,
      1.9603532767295837,
      1.9469945752620696,
      1.9208331167697907,
      1.8041523134708404,
      1.750886708498001,
      1.7897777879238128,
      1.7298328912258147,
      1.7080612921714782,
      1.6948088085651398,
      1.72767329454422,
      1.671365909576416,
      1.6765761411190032,
      1.6750703036785126,
      1.6364441788196564,
      1.6291742885112763,
      1.6224488306045532,
      1.6115771567821502,
      1.5842854106426238,
      1.5881572592258453,
      1.5860536777973175,
      1.5747004163265228,
      1.554006930589676,
      1.5226594042778014,
      1.5650365841388703,
      1.5268561708927155,
      1.5754441606998444,
      1.5170801091194153,
      1.4793796277046203,
      1.4541153752803802,
      1.4672389388084413,
      1.4331911849975585,
      1.4126393902301788,
      1.4234413373470307,
      1.3831345021724701,
      1.3868895375728607,
      1.364752151966095,
      1.373221527338028,
      1.3465686243772508,
      1.3462745225429535,
      1.3296285772323608,
      1.3223269242048263,
      1.3208015966415405,
      1.3209511023759841,
      1.3136651366949081,
      1.3154620695114136,
      1.2935718470811843,
      1.2960578870773316,
      1.2711022037267685,
      1.276307719349861,
      1.2682472044229507,
      1.2769048780202865,
      1.2468603003025054,
      1.2276345717906951,
      1.2254899460077286,
      1.2312897896766664,
      1.2355150121450424,
      1.2165988278388977
    ],
    "test_acc": [
      9.84375,
      9.84375,
      10.46875,
      10.46875,
      9.625,
      10.5,
      10.125,
      9.84375,
      10.21875,
      15.8125,
      23.40625,
      23.90625,
      26.34375,
      30.1875,
      33.28125,
      30.75,
      34.3125,
      35.40625,
      35.03125,
      34.1875,
      36.1875,
      36.21875,
      36.625,
      38.34375,
      38.8125,
      38.34375,
      38.375,
      40.4375,
      40.375,
      41.28125,
      41.4375,
      42.90625,
      42.78125,
      41.59375,
      43.34375,
      40.78125,
      43.625,
      44.5625,
      45.71875,
      45.625,
      46.5,
      47.625,
      47.8125,
      49.28125,
      49.53125,
      50.5625,
      50.5625,
      50.75,
      50.90625,
      51.59375,
      52.15625,
      52.5,
      51.84375,
      52.09375,
      53.125,
      52.8125,
      53.5,
      54.0,
      53.40625,
      54.5625,
      52.90625,
      54.40625,
      56.84375,
      55.90625,
      55.8125,
      55.375,
      56.3125
    ]
  }
}