{
  "config": {
    "run_name": "exp1_1_L2_K32",
    "out_dir": "./results",
    "seed": 1375106598,
    "device": null,
    "bs_train": 128,
    "bs_test": 32,
    "batches": 100,
    "epochs": 100,
    "early_stopping": 3,
    "checkpoints": null,
    "lr": 0.001,
    "reg": 0.001,
    "filters_per_layer": [
      32
    ],
    "layers_per_block": 2,
    "pool_every": 3,
    "hidden_dims": [
      100
    ],
    "model_type": "cnn",
    "kw": {}
  },
  "results": {
    "num_epochs": 0,
    "train_loss": [
      1.808245735168457,
      1.4799508476257324,
      1.35394429564476,
      1.2508301794528962,
      1.1775891435146333,
      1.1026629513502122,
      1.0412925505638122,
      0.9809547501802445,
      0.9445611780881882,
      0.9174693149328231,
      0.855376900434494,
      0.8186169695854187,
      0.792152990102768,
      0.7454755413532257,
      0.7136800134181976,
      0.6739001461863517,
      0.6326548713445663,
      0.6075524112582207,
      0.5676102641224862,
      0.5413902053236961,
      0.5006461790204049,
      0.48517337292432783,
      0.43846240431070327,
      0.4248994696140289,
      0.3971309369802475
    ],
    "train_acc": [
      34.40625,
      47.234375,
      52.203125,
      55.734375,
      58.703125,
      61.1796875,
      63.40625,
      66.0546875,
      67.0078125,
      67.9375,
      70.328125,
      71.90625,
      72.421875,
      74.5,
      75.8359375,
      77.3671875,
      78.8203125,
      79.3203125,
      81.1796875,
      81.8828125,
      83.1484375,
      83.8359375,
      85.6640625,
      86.109375,
      86.9375
    ],
    "test_loss": [
      1.553473004102707,
      1.3966154623031617,
      1.2985510128736495,
      1.2908646923303604,
      1.1933588320016861,
      1.2183227610588074,
      1.1556885862350463,
      1.1238013112545013,
      1.082282246351242,
      1.064294160604477,
      1.0588228964805604,
      1.1327790558338164,
      1.0375141134858132,
      1.06265055000782,
      1.0436522069573402,
      1.0622644126415253,
      1.1087654501199722,
      1.034930756688118,
      1.0650548321008682,
      1.127738031744957,
      1.0761976459622382,
      1.1144353210926057,
      1.1752117609977721,
      1.1498392862081528,
      1.1895812809467317
    ],
    "test_acc": [
      43.53125,
      50.6875,
      53.78125,
      54.40625,
      57.34375,
      56.71875,
      58.21875,
      60.25,
      62.25,
      62.8125,
      63.03125,
      61.71875,
      63.84375,
      64.25,
      64.46875,
      63.625,
      64.1875,
      65.15625,
      64.96875,
      64.46875,
      65.59375,
      64.78125,
      65.125,
      64.59375,
      65.0625
    ]
  }
}