{
  "config": {
    "run_name": "exp1_4",
    "out_dir": "./results",
    "seed": 962159180,
    "device": null,
    "bs_train": 128,
    "bs_test": 32,
    "batches": 100,
    "epochs": 100,
    "early_stopping": 3,
    "checkpoints": null,
    "lr": 0.001,
    "reg": 0.001,
    "filters_per_layer": [
      32
    ],
    "layers_per_block": 32,
    "pool_every": 8,
    "hidden_dims": [
      100
    ],
    "model_type": "resnet",
    "kw": {}
  },
  "results": {
    "num_epochs": 0,
    "train_loss": [
      2.1687869346141815,
      1.8479303348064422,
      1.7418956410884858,
      1.6483511221408844,
      1.5929864931106568,
      1.5379151058197023,
      1.4604729950428008,
      1.4248008167743682,
      1.3806572484970092,
      1.3543102824687958,
      1.3171271550655366,
      1.2828339409828187,
      1.231521668434143,
      1.205423647761345,
      1.1815929418802262,
      1.1413668721914292,
      1.1013750886917115,
      1.0701360380649567,
      1.0591384440660476,
      1.0120203113555908,
      1.002932009100914,
      0.976928780078888,
      0.9501748514175415,
      0.9701126319169998,
      0.9175804054737091,
      0.9106458169221878,
      0.8935899597406387,
      0.8660354536771774,
      0.8641212701797485,
      0.8651308250427246,
      0.8384417855739593,
      0.8208462685346604,
      0.8290257978439332,
      0.8020911169052124,
      0.7943131971359253,
      0.772423243522644,
      0.7602391302585602,
      0.7673599362373352,
      0.7753528320789337,
      0.7602956736087799,
      0.7432711094617843,
      0.7223284661769866,
      0.7136913454532623,
      0.7125917765498161,
      0.703821197450161
    ],
    "train_acc": [
      18.65625,
      31.6640625,
      34.75,
      38.09375,
      40.1171875,
      43.1953125,
      45.7578125,
      47.4453125,
      49.046875,
      50.953125,
      51.546875,
      52.7109375,
      55.46875,
      56.3046875,
      57.0,
      58.921875,
      60.265625,
      61.6484375,
      62.0859375,
      63.6484375,
      64.3203125,
      65.3046875,
      66.0234375,
      65.0859375,
      67.125,
      67.4296875,
      68.328125,
      69.2578125,
      69.296875,
      69.0859375,
      70.5703125,
      70.4609375,
      70.515625,
      71.1953125,
      71.7890625,
      72.671875,
      73.1015625,
      72.59375,
      72.609375,
      73.3671875,
      73.6640625,
      74.109375,
      74.5625,
      75.0625,
      74.8046875
    ],
    "test_loss": [
      1.9872451305389405,
      1.7736243510246277,
      1.694846329689026,
      1.6088511288166045,
      1.539576370716095,
      1.5092171251773834,
      1.5784070301055908,
      1.3494274830818176,
      1.3593005830049514,
      1.3541723680496216,
      1.2726019328832627,
      1.2659804230928422,
      1.3074738776683807,
      1.186244668364525,
      1.1651431250572204,
      1.139392345547676,
      1.125952153801918,
      1.0824005073308944,
      1.0469058620929719,
      1.0317382684350014,
      1.0240666550397872,
      0.9918424320220948,
      1.0360710561275481,
      1.001695055961609,
      0.9699371227622032,
      1.0169656360149384,
      0.9396860447525978,
      0.9377325335144997,
      0.9501290521025658,
      0.885384070277214,
      0.8999706509709359,
      0.9047265255451202,
      0.917309513092041,
      0.881738917529583,
      0.9009199929237366,
      0.8538184350728989,
      0.8744719988107681,
      0.8573710894584656,
      0.8403785705566407,
      0.896153601706028,
      0.8352208849787712,
      0.8409973978996277,
      0.8602570649981499,
      0.8600933834910393,
      0.8626637563109398
    ],
    "test_acc": [
      27.625,
      34.9375,
      37.65625,
      40.4375,
      43.625,
      44.6875,
      42.125,
      50.21875,
      50.46875,
      50.125,
      53.40625,
      53.4375,
      53.46875,
      56.125,
      57.5625,
      59.4375,
      59.90625,
      61.71875,
      61.34375,
      63.5,
      62.6875,
      63.75,
      63.125,
      64.1875,
      65.59375,
      63.78125,
      65.5625,
      66.78125,
      67.25,
      68.53125,
      68.21875,
      68.03125,
      67.375,
      69.25,
      68.0,
      70.25,
      69.625,
      70.0625,
      70.40625,
      68.125,
      70.65625,
      70.46875,
      70.15625,
      69.375,
      70.28125
    ]
  }
}