{
  "config": {
    "run_name": "exp1_2",
    "out_dir": "./results",
    "seed": 304866556,
    "device": null,
    "bs_train": 128,
    "bs_test": 32,
    "batches": 100,
    "epochs": 100,
    "early_stopping": 3,
    "checkpoints": null,
    "lr": 0.001,
    "reg": 0.001,
    "filters_per_layer": [
      64
    ],
    "layers_per_block": 8,
    "pool_every": 3,
    "hidden_dims": [
      100
    ],
    "model_type": "cnn",
    "kw": {}
  },
  "results": {
    "num_epochs": 0,
    "train_loss": [
      2.1242175710201265,
      1.7845575952529906,
      1.6168365144729615,
      1.4963707530498505,
      1.4368234968185425,
      1.362992993593216,
      1.3063970482349396,
      1.247792158126831,
      1.2090537559986114,
      1.1495634818077087,
      1.1015604704618454,
      1.0529268914461136,
      0.9972664964199066,
      0.9418002313375473,
      0.9037527745962143,
      0.8848549902439118,
      0.844451659321785,
      0.8103896337747574,
      0.7822184437513351,
      0.7534228670597076,
      0.7054206332564354,
      0.6829763352870941,
      0.6472221595048905,
      0.6163656029105187,
      0.5906188026070595,
      0.585649728178978,
      0.5585279420018197,
      0.538978540301323,
      0.5258687326312065,
      0.5051975440979004,
      0.4736970439553261,
      0.45075332909822463,
      0.4350452873110771,
      0.4410227172076702,
      0.41215607434511187,
      0.38583463072776797,
      0.37345547303557397
    ],
    "train_acc": [
      20.75,
      34.734375,
      40.9453125,
      45.453125,
      47.7578125,
      50.3828125,
      52.578125,
      55.2890625,
      56.9765625,
      58.5703125,
      60.6328125,
      62.1484375,
      64.7734375,
      66.6953125,
      67.5625,
      69.5390625,
      70.4609375,
      71.5703125,
      73.125,
      73.59375,
      75.2265625,
      76.03125,
      78.0,
      78.734375,
      79.609375,
      79.8671875,
      81.1015625,
      81.3671875,
      81.953125,
      82.7109375,
      83.6640625,
      84.421875,
      84.921875,
      84.796875,
      85.5625,
      86.6796875,
      87.0234375
    ],
    "test_loss": [
      2.0027287650108336,
      1.6502525007724762,
      1.5404368460178375,
      1.4715298974514008,
      1.4344929027557374,
      1.341239222884178,
      1.2768510806560516,
      1.2467432451248168,
      1.2005397653579712,
      1.1584434252977371,
      1.108514369726181,
      1.16503542304039,
      1.0506707125902175,
      1.059177114367485,
      1.0311485892534256,
      0.9550159561634064,
      0.9533951371908188,
      1.0474005162715911,
      0.9358945047855377,
      0.888104841709137,
      0.9347873252630233,
      0.8933095455169677,
      0.9226758149266243,
      0.858782068490982,
      0.8370191073417663,
      0.889825143814087,
      0.8662166929244995,
      0.9076518508791923,
      0.8844271397590637,
      0.8712077569961548,
      0.8788013696670532,
      0.8667797657847405,
      0.863899005651474,
      0.8777583780884742,
      0.9474008271098137,
      0.9017090874910355,
      0.9616590529680252
    ],
    "test_acc": [
      27.5625,
      39.65625,
      44.40625,
      46.625,
      48.4375,
      52.09375,
      53.125,
      54.1875,
      57.5625,
      58.6875,
      60.28125,
      58.5,
      62.65625,
      62.8125,
      63.90625,
      66.625,
      66.25,
      64.40625,
      66.21875,
      68.71875,
      66.125,
      68.71875,
      68.5625,
      70.71875,
      71.0,
      69.59375,
      70.53125,
      70.375,
      71.625,
      71.4375,
      70.9375,
      71.625,
      72.84375,
      71.78125,
      71.0,
      72.3125,
      72.5
    ]
  }
}