{
  "config": {
    "run_name": "exp1_1_L4_K64",
    "out_dir": "./results",
    "seed": 1358015270,
    "device": null,
    "bs_train": 128,
    "bs_test": 32,
    "batches": 100,
    "epochs": 100,
    "early_stopping": 3,
    "checkpoints": null,
    "lr": 0.001,
    "reg": 0.001,
    "filters_per_layer": [
      64
    ],
    "layers_per_block": 4,
    "pool_every": 3,
    "hidden_dims": [
      100
    ],
    "model_type": "cnn",
    "kw": {}
  },
  "results": {
    "num_epochs": 0,
    "train_loss": [
      1.9263330566883088,
      1.5334855544567108,
      1.3741267251968383,
      1.2604954767227172,
      1.1575413739681244,
      1.0685146868228912,
      0.9944191581010818,
      0.9281561040878296,
      0.8690262812376023,
      0.8044583797454834,
      0.7569075518846512,
      0.7069610005617142,
      0.6694965809583664,
      0.6258574825525284,
      0.5824834749102592,
      0.5461331963539123,
      0.5081238803267479,
      0.48968136459589007,
      0.41868887647986414,
      0.4061888737976551,
      0.36889994457364084,
      0.340083439052105
    ],
    "train_acc": [
      29.921875,
      44.8046875,
      50.9296875,
      54.6640625,
      59.171875,
      61.9453125,
      65.0625,
      67.6484375,
      70.0625,
      72.3828125,
      74.015625,
      75.6171875,
      77.125,
      78.34375,
      80.0703125,
      82.0078125,
      82.7109375,
      83.515625,
      85.9609375,
      87.1328125,
      87.453125,
      88.890625
    ],
    "test_loss": [
      1.6004509389400483,
      1.4351773190498351,
      1.3242309540510178,
      1.1990286326408386,
      1.1742454832792282,
      1.1326031267642975,
      1.0276818197965623,
      0.9825045830011367,
      1.011571026146412,
      0.9682580918073654,
      0.9439357963204383,
      0.9321723234653473,
      0.9256685876846313,
      0.9450534787774086,
      0.9152940711379052,
      0.9770385071635246,
      0.9620769912004471,
      0.9865626442432404,
      1.0022180140018464,
      1.047994837462902,
      1.0439689746499061,
      1.0615218025445938
    ],
    "test_acc": [
      42.375,
      48.40625,
      52.28125,
      56.90625,
      58.03125,
      60.75,
      62.9375,
      64.9375,
      65.40625,
      65.96875,
      66.8125,
      68.03125,
      68.71875,
      68.53125,
      69.6875,
      68.90625,
      68.34375,
      70.0625,
      68.65625,
      67.78125,
      69.0,
      68.375
    ]
  }
}