{
  "config": {
    "run_name": "exp2",
    "out_dir": "./results",
    "seed": 1999968493,
    "device": null,
    "bs_train": 128,
    "bs_test": 32,
    "batches": 100,
    "epochs": 100,
    "early_stopping": 3,
    "checkpoints": null,
    "lr": 0.001,
    "reg": 0.001,
    "filters_per_layer": [
      32,
      64,
      128
    ],
    "layers_per_block": 12,
    "pool_every": 9,
    "hidden_dims": [
      100
    ],
    "model_type": "ycn",
    "kw": {}
  },
  "results": {
    "num_epochs": 0,
    "train_loss": [
      2.1425107288360596,
      1.9942492246627808,
      1.9186095201969147,
      1.8722238552570343,
      1.8204781222343445,
      1.7918549430370332,
      1.7592475247383117,
      1.7458866369724273,
      1.7215957152843475,
      1.6795084977149963,
      1.663380434513092,
      1.6227074217796327,
      1.5911337101459504,
      1.5524074637889862,
      1.5330915009975434,
      1.50234029173851,
      1.4893372571468353,
      1.4488072276115418,
      1.421457632780075,
      1.371125967502594,
      1.3519854140281677,
      1.3259284806251526,
      1.3018454504013062,
      1.2891734206676484,
      1.2533597242832184,
      1.217828031182289,
      1.1969650745391847,
      1.191114183664322,
      1.1685617047548293,
      1.137057630419731,
      1.1372056233882903,
      1.1207528382539749,
      1.1028704166412353,
      1.1020987027883529,
      1.0711637347936631,
      1.0751160889863969,
      1.0637602299451827,
      1.0516268783807754
    ],
    "train_acc": [
      19.046875,
      25.5390625,
      28.6640625,
      30.390625,
      32.5625,
      33.6640625,
      34.6640625,
      35.609375,
      36.25,
      38.5078125,
      39.3671875,
      40.53125,
      40.9140625,
      42.9765625,
      44.3125,
      45.1328125,
      45.890625,
      47.75,
      48.9921875,
      50.6796875,
      51.3203125,
      52.6015625,
      53.5,
      54.0078125,
      54.984375,
      56.734375,
      58.0859375,
      58.0546875,
      58.6015625,
      59.6015625,
      60.359375,
      60.2578125,
      60.6875,
      60.8828125,
      62.59375,
      62.7265625,
      62.6015625,
      63.046875
    ],
    "test_loss": [
      2.0184934186935424,
      1.915145058631897,
      1.8506864178180695,
      1.819155067205429,
      1.7627164149284362,
      1.732555751800537,
      1.7034061551094055,
      1.6979085981845856,
      1.6772150921821594,
      1.6106184029579163,
      1.5877734100818635,
      1.5797739565372466,
      1.5076344740390777,
      1.4921538603305817,
      1.491180386543274,
      1.4446109330654144,
      1.411011234521866,
      1.4129784202575684,
      1.314025672674179,
      1.328638682961464,
      1.2758772486448289,
      1.2679771316051482,
      1.269711616039276,
      1.2573602283000946,
      1.195667538046837,
      1.1699351227283479,
      1.1537554568052293,
      1.1379715293645858,
      1.1351285892724992,
      1.1248513549566268,
      1.0934906595945357,
      1.109967550635338,
      1.0936578404903412,
      1.0560013592243194,
      1.071098102927208,
      1.0932432103157044,
      1.0538377714157106,
      1.0774077367782593
    ],
    "test_acc": [
      23.9375,
      27.3125,
      31.6875,
      32.96875,
      34.78125,
      37.1875,
      37.75,
      38.1875,
      38.96875,
      40.625,
      42.96875,
      43.78125,
      45.40625,
      45.34375,
      45.46875,
      48.03125,
      50.15625,
      48.34375,
      52.34375,
      52.40625,
      54.40625,
      55.125,
      54.5,
      54.34375,
      57.75,
      57.8125,
      59.34375,
      60.21875,
      59.375,
      59.40625,
      62.03125,
      61.0625,
      61.8125,
      63.03125,
      62.125,
      61.59375,
      62.5625,
      62.125
    ]
  }
}