{
  "config": {
    "run_name": "exp2",
    "out_dir": "./results",
    "seed": 1513130052,
    "device": null,
    "bs_train": 128,
    "bs_test": 32,
    "batches": 100,
    "epochs": 100,
    "early_stopping": 3,
    "checkpoints": null,
    "lr": 0.001,
    "reg": 0.001,
    "filters_per_layer": [
      32,
      64,
      128
    ],
    "layers_per_block": 3,
    "pool_every": 3,
    "hidden_dims": [
      100
    ],
    "model_type": "ycn",
    "kw": {}
  },
  "results": {
    "num_epochs": 0,
    "train_loss": [
      1.9047168278694153,
      1.528840079307556,
      1.3182126784324646,
      1.1700378900766373,
      1.0553473669290543,
      0.9727922511100769,
      0.921227256655693,
      0.8635511022806167,
      0.8106684958934784,
      0.7810912090539932,
      0.7474370592832565,
      0.70689140021801,
      0.6791679301857948,
      0.6562286916375161,
      0.6387403699755668,
      0.6159644624590874,
      0.589333963394165,
      0.5763581031560898,
      0.5763643115758896,
      0.5561054944992065,
      0.5619658878445626,
      0.5251554277539253,
      0.5123636135458947,
      0.4881882765889168
    ],
    "train_acc": [
      30.625,
      44.3671875,
      52.6171875,
      58.765625,
      62.6875,
      65.734375,
      67.640625,
      69.9375,
      71.484375,
      73.1015625,
      73.765625,
      75.515625,
      76.4375,
      77.4296875,
      77.9453125,
      78.6953125,
      79.6640625,
      80.09375,
      80.390625,
      80.796875,
      80.7109375,
      82.3984375,
      82.375,
      82.6640625
    ],
    "test_loss": [
      1.6026802718639375,
      1.3495015269517898,
      1.1938395637273789,
      1.1079505157470704,
      1.0100693082809449,
      0.9425781792402268,
      0.9168890923261642,
      0.8444121706485749,
      0.8234512406587601,
      0.8083712872862816,
      0.7852083912491798,
      0.7636058178544044,
      0.7759424698352814,
      0.7524843737483025,
      0.7262352961301803,
      0.7315211379528046,
      0.7270675408840179,
      0.7094706600904465,
      0.7139033621549606,
      0.6931717151403427,
      0.7261888626217842,
      0.6983321949839592,
      0.7085207402706146,
      0.720505536198616
    ],
    "test_acc": [
      41.5625,
      51.90625,
      58.625,
      60.3125,
      65.46875,
      67.5625,
      67.90625,
      70.6875,
      72.0,
      72.34375,
      73.375,
      73.84375,
      73.5,
      74.5,
      75.3125,
      74.90625,
      75.875,
      76.28125,
      76.3125,
      77.125,
      75.875,
      76.09375,
      75.90625,
      75.84375
    ]
  }
}