{
  "config": {
    "run_name": "exp2",
    "out_dir": "./results",
    "seed": 380935354,
    "device": null,
    "bs_train": 128,
    "bs_test": 32,
    "batches": 100,
    "epochs": 100,
    "early_stopping": 3,
    "checkpoints": null,
    "lr": 0.001,
    "reg": 0.001,
    "filters_per_layer": [
      32,
      64,
      128
    ],
    "layers_per_block": 9,
    "pool_every": 6,
    "hidden_dims": [
      100
    ],
    "model_type": "ycn",
    "kw": {}
  },
  "results": {
    "num_epochs": 0,
    "train_loss": [
      2.110398210287094,
      1.849511238336563,
      1.6999594068527222,
      1.61824569106102,
      1.529785441160202,
      1.4263994789123535,
      1.354785166978836,
      1.310371948480606,
      1.2459826791286468,
      1.1942439234256745,
      1.1555951780080795,
      1.119523863196373,
      1.083241702914238,
      1.0480883491039277,
      1.016908637881279,
      1.008415424823761,
      0.9775833213329315,
      0.9685573548078537,
      0.9542943233251572,
      0.9266712474822998,
      0.9231860339641571,
      0.9011313039064407,
      0.8941074568033218,
      0.867700200676918,
      0.8567765784263611,
      0.8334423875808716,
      0.843119952082634,
      0.8106306838989258,
      0.7969106531143189,
      0.7973791021108627,
      0.7766341817378998,
      0.7664728140830994,
      0.7620066612958908,
      0.7439172446727753
    ],
    "train_acc": [
      22.203125,
      32.3515625,
      37.46875,
      40.7265625,
      44.1875,
      48.53125,
      51.7109375,
      53.03125,
      55.3046875,
      57.046875,
      58.8828125,
      60.1875,
      61.734375,
      62.9296875,
      64.0390625,
      64.5,
      65.84375,
      66.0234375,
      66.1484375,
      67.5390625,
      67.6796875,
      68.3359375,
      68.09375,
      69.46875,
      70.0234375,
      70.7109375,
      70.1015625,
      71.0546875,
      72.2265625,
      71.890625,
      72.453125,
      73.171875,
      72.953125,
      73.84375
    ],
    "test_loss": [
      2.0072041642665863,
      1.7978375697135924,
      1.6626464307308197,
      1.502885469198227,
      1.4531720221042632,
      1.3578404951095582,
      1.3599253302812577,
      1.3682333195209504,
      1.2790451908111573,
      1.1496275651454926,
      1.1172076839208602,
      1.0642259317636489,
      1.038948808312416,
      1.0149648874998092,
      1.032403958439827,
      1.0357450288534165,
      0.9753102278709411,
      0.9340776717662811,
      0.9513794559240342,
      0.9492692393064499,
      0.919185200035572,
      0.9435028415918351,
      0.9026805806159973,
      0.937535035610199,
      0.8682837739586831,
      0.8690511590242386,
      0.994496367573738,
      0.8332403260469436,
      0.8868942081928253,
      0.8080884972214699,
      0.8583060359954834,
      0.8730574458837509,
      0.8074735802412033,
      0.8007984647154808
    ],
    "test_acc": [
      27.65625,
      35.03125,
      38.84375,
      46.03125,
      47.1875,
      50.6875,
      51.21875,
      52.28125,
      53.90625,
      58.84375,
      59.65625,
      63.125,
      63.75,
      64.78125,
      63.4375,
      63.53125,
      65.5625,
      66.59375,
      66.6875,
      67.09375,
      67.625,
      67.4375,
      68.53125,
      67.6875,
      69.59375,
      70.65625,
      66.0,
      71.15625,
      70.0,
      71.90625,
      69.21875,
      69.40625,
      71.375,
      71.90625
    ]
  }
}