{
  "config": {
    "run_name": "exp2",
    "out_dir": "./results",
    "seed": 1251351399,
    "device": null,
    "bs_train": 128,
    "bs_test": 32,
    "batches": 100,
    "epochs": 100,
    "early_stopping": 3,
    "checkpoints": null,
    "lr": 0.001,
    "reg": 0.001,
    "filters_per_layer": [
      32,
      64,
      128
    ],
    "layers_per_block": 6,
    "pool_every": 6,
    "hidden_dims": [
      100
    ],
    "model_type": "ycn",
    "kw": {}
  },
  "results": {
    "num_epochs": 0,
    "train_loss": [
      2.0563880372047425,
      1.781909295320511,
      1.6251067268848418,
      1.5259971773624421,
      1.4343685472011567,
      1.364709985256195,
      1.282528074979782,
      1.2160149013996124,
      1.1721361881494523,
      1.1243543833494187,
      1.0923596179485322,
      1.0559099000692367,
      1.0115529525279998,
      0.9720611506700516,
      0.9608293002843857,
      0.9540159440040589,
      0.9100898545980454,
      0.9091739481687546,
      0.8790396374464035,
      0.8512779933214187,
      0.8344951099157334,
      0.8497474563121795,
      0.8116141998767853,
      0.7937204736471176,
      0.7876701641082764,
      0.7669783931970596,
      0.7732695829868317,
      0.7598754221200943,
      0.7184900575876236,
      0.717067369222641,
      0.7119888541102409,
      0.7069975772500038,
      0.6848122617602348
    ],
    "train_acc": [
      24.34375,
      34.90625,
      41.1484375,
      45.3203125,
      48.2421875,
      50.6484375,
      54.296875,
      56.75,
      58.390625,
      60.5234375,
      61.4921875,
      62.625,
      64.984375,
      66.28125,
      66.7265625,
      66.625,
      68.34375,
      68.625,
      69.828125,
      70.3515625,
      70.765625,
      70.4140625,
      71.6328125,
      71.90625,
      72.28125,
      73.109375,
      73.1953125,
      73.40625,
      75.234375,
      74.9609375,
      75.0078125,
      75.6953125,
      75.5546875
    ],
    "test_loss": [
      1.867308522462845,
      1.6716385757923127,
      1.5685429096221923,
      1.465868501663208,
      1.3506930285692216,
      1.2905683505535126,
      1.2271258252859116,
      1.1651688194274903,
      1.1385600823163986,
      1.1277776819467544,
      1.075141207575798,
      1.067666956782341,
      1.0350319278240203,
      1.0041709917783737,
      0.970933364033699,
      0.9915104696154594,
      0.9970677858591079,
      0.9158503285050392,
      0.9302758270502091,
      0.9118089842796325,
      0.9618152672052384,
      0.9441996496915818,
      0.9273376688361168,
      0.9019492372870446,
      0.8980551254749298,
      0.8892495563626289,
      0.8915192344784737,
      0.8773651698231697,
      0.8584384921193123,
      0.8895611110329628,
      0.8450818935036659,
      0.8730734485387802,
      0.884876848757267
    ],
    "test_acc": [
      33.5625,
      41.5,
      43.71875,
      48.09375,
      51.78125,
      54.71875,
      56.53125,
      59.03125,
      61.0,
      60.34375,
      62.28125,
      63.0625,
      62.40625,
      65.71875,
      65.78125,
      65.15625,
      64.90625,
      67.75,
      68.0,
      68.34375,
      66.96875,
      67.71875,
      67.5,
      68.875,
      69.21875,
      69.09375,
      69.28125,
      70.03125,
      71.3125,
      69.0,
      71.21875,
      69.875,
      69.5625
    ]
  }
}